Text,Score,tokens
في ولاية تكساس الأميركية التي يحكمها محافظون مقرّبون من الرئيس دونالد ترامب، يثير جدول كبير حول مشروع عقاري إسلامي يتضمّن مساكن ومدرسة ومستشفى ومسجدا. بثت كتائب القسام-الجناح العسكري لحركة المقاومة الإسلامية (حماس)- فيديو جديد لأسير إسرائيلي لديها، ظهر في حالة سيئة وهو يوجه حديثه لأسرته ويناشدها لمواصلة الجهود للإفراج عنه. انتهت الجولة الثانية من المحادثات بين إيران والولايات المتحدة بشأن البرنامج النووي الإيراني، وذلك بعد عدة ساعات من بدء المفاوضات، التي وصفها وزير الخارجية الإيراني بأنها كانت بناءة. أعلن الرئيس الروسي فلاديمير بوتين وقف إطلاق النار من جانب واحد في أوكرانيا، بمناسبة عيد القيامة، وأمر قواته بوقف الأعمال القتالية اعتبارا من الساعة السادسة مساء بتوقيت موسكو حتى نهاية غد الأحد. التفاصيل بعد قليل.. أدلى الناطق الرسمي باسم كتائب عز الدين القسام أبو عبيدة اليوم السبت بتصريحات جديدة بشأن مصير الأسرى الإسرائيليين الذين تحتجزهم المقاومة في قطاع غزة. بلغ اليوم السبت عدد الإسرائيليين الموقعين على العرائض المطالبة بإعادة الأسرى من قطاع غزة، نحو 140 ألف شخص، حتى لو تطلب الأمر وقف الحرب. منذ اللقاء الذي جمع رئيس الوزراء الإسرائيلي بنيامين نتنياهو بالرئيس الأميركي دونالد ترامب تعيش الأوساط السياسية المقربة من نتنياهو حالة انقسام حاد في تقييم مستقبل السياسة الأميركية تجاه إيران. أفادت وسائل إعلام إسرائيلية بمقتل جندي وإصابة 4 آخرين، بعضهم بجروح حرجة جراء استهداف مركبة مدرعة شرقي غزة، وأضافت أن معارك ضارية تجري بين قوات الاحتلال ومقاومين فلسطينيين في مواقع مختلفة بالقطاع. حوّلت قوات الاحتلال الإسرائيلي اليوم السبت، مدينة القدس إلى ثكنة عسكرية، في حين اقتحم مستوطنون مسلحون، قرية فلسطينية بالضفة الغربية المحتلة. حررت السلطات الغانية 219 شخصا محتجزين لدى شبكة منظمة للاتجار بالبشر والجرائم الإلكترونية في العاصمة أكرا. انتقدت المقررة الخاصة للأمم المتحدة بشأن فلسطين فرانشيسكا ألبانيزي بشدة مواقف بعض الدول الغربية تجاه ما يحدث في الأراضي الفلسطينية، قائلة “ما زلنا عنصريين نتمسك بالمعايير المزدوجة القديمة”. تلقى ملك الأردن عبدالله الثاني اليوم اتصالا هاتفيا من الرئيس المصري عبد الفتاح السيسي بحثا خلاله جهود إنهاء الحرب على غزة واستئناف دخول المساعدات الإنسانية، والتوصل إلى تهدئة شاملة بالإقليم. قالت المفوضية الأممية للشؤون الإنسانية، إن غزة تختنق وإن ما يحدث هو حرمان متعمد ومقصود، مؤكدة أن السكان في القطاع حرموا من الضروريات الأساسية للبقاء أحياء. تابع الجزيرة نت على:,5.16,"['ولاية', 'تكساس', 'الأميركية', 'يحكمها', 'محافظون', 'مقرّبون', 'الرئيس', 'دونالد', 'ترامب،', 'يثير', 'جدول', 'كبير', 'حول', 'مشروع', 'عقاري', 'إسلامي', 'يتضمّن', 'مساكن', 'ومدرسة', 'ومستشفى', 'ومسجدا', 'بثت', 'كتائب', 'القسامالجناح', 'العسكري', 'لحركة', 'المقاومة', 'الإسلامية', 'حماس', 'فيديو', 'جديد', 'لأسير', 'إسرائيلي', 'لديها،', 'ظهر', 'حالة', 'سيئة', 'يوجه', 'حديثه', 'لأسرته', 'ويناشدها', 'لمواصلة', 'الجهود', 'للإفراج', 'عنه', 'انتهت', 'الجولة', 'الثانية', 'المحادثات', 'إيران', 'والولايات', 'المتحدة', 'بشأن', 'البرنامج', 'النووي', 'الإيراني،', 'وذلك', 'عدة', 'ساعات', 'بدء', 'المفاوضات،', 'وصفها', 'وزير', 'الخارجية', 'الإيراني', 'بأنها', 'كانت', 'بناءة', 'أعلن', 'الرئيس', 'الروسي', 'فلاديمير', 'بوتين', 'وقف', 'إطلاق', 'النار', 'جانب', 'أوكرانيا،', 'بمناسبة', 'عيد', 'القيامة،', 'وأمر', 'قواته', 'بوقف', 'الأعمال', 'القتالية', 'اعتبارا', 'الساعة', 'السادسة', 'بتوقيت', 'موسكو', 'نهاية', 'الأحد', 'التفاصيل', 'قليل', 'أدلى', 'الناطق', 'الرسمي', 'باسم', 'كتائب', 'الدين', 'القسام', 'عبيدة', 'اليوم', 'السبت', 'بتصريحات', 'جديدة', 'بشأن', 'مصير', 'الأسرى', 'الإسرائيليين', 'تحتجزهم', 'المقاومة', 'قطاع', 'غزة', 'بلغ', 'اليوم', 'السبت', 'عدد', 'الإسرائيليين', 'الموقعين', 'العرائض', 'المطالبة', 'بإعادة', 'الأسرى', 'قطاع', 'غزة،', 'شخص،', 'تطلب', 'الأمر', 'وقف', 'الحرب', 'اللقاء', 'جمع', 'رئيس', 'الوزراء', 'الإسرائيلي', 'بنيامين', 'نتنياهو', 'بالرئيس', 'الأميركي', 'دونالد', 'ترامب', 'تعيش', 'الأوساط', 'السياسية', 'المقربة', 'نتنياهو', 'حالة', 'انقسام', 'حاد', 'تقييم', 'مستقبل', 'السياسة', 'الأميركية', 'إيران', 'أفادت', 'وسائل', 'إعلام', 'إسرائيلية', 'بمقتل', 'جندي', 'وإصابة', 'آخرين،', 'بعضهم', 'بجروح', 'حرجة', 'جراء', 'استهداف', 'مركبة', 'مدرعة', 'شرقي', 'غزة،', 'وأضافت', 'معارك', 'ضارية', 'تجري', 'قوات', 'الاحتلال', 'ومقاومين', 'فلسطينيين', 'مواقع', 'مختلفة', 'بالقطاع', 'حوّلت', 'قوات', 'الاحتلال', 'الإسرائيلي', 'اليوم', 'السبت،', 'مدينة', 'القدس', 'ثكنة', 'عسكرية،', 'اقتحم', 'مستوطنون', 'مسلحون،', 'قرية', 'فلسطينية', 'بالضفة', 'الغربية', 'المحتلة', 'حررت', 'السلطات', 'الغانية', 'شخصا', 'محتجزين', 'شبكة', 'منظمة', 'للاتجار', 'بالبشر', 'والجرائم', 'الإلكترونية', 'العاصمة', 'أكرا', 'انتقدت', 'المقررة', 'الخاصة', 'للأمم', 'المتحدة', 'بشأن', 'فلسطين', 'فرانشيسكا', 'ألبانيزي', 'بشدة', 'مواقف', 'الدول', 'الغربية', 'يحدث', 'الأراضي', 'الفلسطينية،', 'قائلة', 'زلنا', 'عنصريين', 'نتمسك', 'بالمعايير', 'المزدوجة', 'القديمة', 'تلقى', 'ملك', 'الأردن', 'عبدالله', 'الثاني', 'اليوم', 'اتصالا', 'هاتفيا', 'الرئيس', 'المصري', 'عبد', 'الفتاح', 'السيسي', 'بحثا', 'خلاله', 'جهود', 'إنهاء', 'الحرب', 'غزة', 'واستئناف', 'دخول', 'المساعدات', 'الإنسانية،', 'والتوصل', 'تهدئة', 'شاملة', 'بالإقليم', 'قالت', 'المفوضية', 'الأممية', 'للشؤون', 'الإنسانية،', 'غزة', 'تختنق', 'يحدث', 'حرمان', 'متعمد', 'ومقصود،', 'مؤكدة', 'السكان', 'القطاع', 'حرموا', 'الضروريات', 'الأساسية', 'للبقاء', 'أحياء', 'تابع', 'الجزيرة']"
"منذ اللقاء الذي جمع رئيس الوزراء الإسرائيلي بنيامين نتنياهو بالرئيس الأميركي دونالد ترامب في البيت الأبيض قبل أكثر من أسبوع تعيش الأوساط السياسية المقربة من نتنياهو حالة انقسام حاد في تقييم مستقبل السياسة الأميركية تجاه إيران، وتحديدا فيما يتعلق بالعودة إلى الخيار العسكري ضد منشآتها النووية. ويقول التقرير الذي نشرته صحيفة معاريف لمراسلتها السياسية آنا برسكي إن الانقسام في محيط نتنياهو بات واضحا بين ""معسكر الأوهام"" الذي يعلق آماله على ما يسميه ""الوفاء الأبدي لترامب"" و""معسكر الواقعيين"" الذين يقرؤون من سلوك ترامب وموقفه الأخير أن إسرائيل لن تحصل على ""الضوء الأخضر"" الأميركي لتوجيه ضربة عسكرية إلى إيران. وفي ""معسكر المتفائلين"" -كما تسميهم برسكي- يسود اعتقاد راسخ بأن ""ترامب معنا وسيبقى معنا""، وأن أي تحرك دبلوماسي أميركي حالي تجاه طهران إجراء شكلي سرعان ما سيفشل لتعود الولايات المتحدة إلى دعم الخيار العسكري. وهؤلاء -بحسب التقرير- ""يرون في ترامب مسيحا سياسيا جاء خصيصا لتحقيق أحلامهم الأمنية""، ولذلك استعدوا لعودته إلى السلطة في يناير/كانون الثاني 2025 كما لو أنها لحظة الخلاص. وتؤكد برسكي أن هؤلاء أعدوا قائمة أمنيات طويلة تتراوح بين فرض السيادة الإسرائيلية على الضفة الغربية وغزو كامل لقطاع غزة والتوصل إلى اتفاق سلام إقليمي، ولكن البند الأول الدائم على جدول أعمالهم كان هو إيران. وتضيف برسكي أن هؤلاء المتفائلين لا يرون في التصريحات العلنية لترامب أي تراجع، بل يرون أن ""التنسيق مع واشنطن ممتاز، وكل شيء يسير وفق الخطة"". ويقود هذا المعسكر وزير الشؤون الإستراتيجية رون ديرمر الذي يتمتع بعلاقات وثيقة مع الدائرة المحيطة بترامب. لكن في المقابل، هناك معسكر آخر يصف نفسه بـ""الواقعي"" يرى في اللقاء الأخير بين نتنياهو وترامب مؤشرا سلبيا حاسما. ووفقا لما كشفه التقرير، حصل نتنياهو على ""ضوء أحمر صريح"" من ترامب الذي رفض فكرة العمل العسكري ضد إيران، مفضلا نهج المفاوضات المباشرة بين واشنطن وطهران. ونقلت الصحفية عن أحد المقربين من نتنياهو في هذا المعسكر قوله ""بدلا من الحماس المفرط تجاه تغريدات ترامب المتقلبة كان علينا أن نستمع جيدا لما يقوله بوضوح، هو ورجاله.. لقد عاد ترامب لولايته الثانية من أجل نيل جائزة نوبل للسلام، لا لإشعال حرب عالمية ثالثة"". وأشارت برسكي إلى أن هذا التحول الدراماتيكي برز في أعقاب مكالمة هاتفية مباشرة بين ترامب ونتنياهو خرج بعدها الجميع بانطباع أن التوجه الأميركي الجديد هو نحو التفاوض المباشر مع إيران، وليس نحو التصعيد. وقال المصدر نفسه ""كنا نظن أن الإيرانيين لن يدخلوا أي مفاوضات، وأن ترامب سينصت إلى المتشددين في إدارته، لكننا كنا مخطئين"". ورغم هذا الانقسام فإن الصحيفة تقول إن معسكر المتفائلين لا يزال يعول على أن إيران، وبقيادة المرشد الأعلى للثورة علي خامنئي سترفض أي تسوية دبلوماسية وستطالب بالمزيد من التنازلات، مما سيفشل المحادثات ويعيد طرح الخيار العسكري. ووفقا للمراسلة، يستند هذا التحليل إلى رؤية ترى أن ""خامنئي لن يختلف عن الرئيس الفلسطيني السابق ياسر عرفات""، في إشارة إلى رفض الأخير اتفاق كامب ديفيد عام 2000 الذي كان يتطلب منه التنازل عن السيادة على القدس، مما أدى إلى توقف المفاوضات حينها، وقال أحد أعضاء هذا المعسكر ""نحن نثق بخامنئي، لن يخيّب ظننا وسيسقط في الفخ الذي نصبناه له"". لكن ""الواقعيين"" يحذرون من التهوين من براعة إيران، فهم يعتقدون أن طهران قد توافق على نسخة محسنة من الاتفاق النووي السابق (اتفاق أوباما)، وتبقي في الوقت ذاته على البنية التحتية التي تمكنها من العودة إلى الخيار العسكري لاحقا. وفي خضم هذا التباين تقول برسكي إن إسرائيل لا تنوي الجلوس مكتوفة الأيدي، فبينما تواصل الولايات المتحدة اختبار المسار الدبلوماسي تتحرك إسرائيل لجمع دعم إقليمي ضد طهران. وتنقل الكاتبة أن هناك إدراكا في القدس بأن دول الخليج والمملكة العربية السعودية تحديدا ترفض هي الأخرى فكرة أن تمتلك إيران ""برنامجا نوويا سلميا"". وبالتالي، من المرجح أن تسعى إسرائيل إلى بناء جبهة إقليمية مشتركة تشاركها القلق من ترك إيران تمتلك قدرات تخصيب متقدمة حتى لو كانت تحت شعار ""الاستخدام السلمي"". وتخلص المراسلة السياسية إلى أن ""إسرائيل -التي باتت تفتقر إلى الضوء الأخضر الأميركي الذي اعتادت عليه- يجب أن تعمل على إعادة ترتيب أوراقها، سواء عبر الدبلوماسية الإقليمية أو عبر الضغوط السياسية على البيت الأبيض، في انتظار أن ينفد صبر ترامب""، على حد تعبيرها.          تابع الجزيرة نت على:",3.65,"['اللقاء', 'جمع', 'رئيس', 'الوزراء', 'الإسرائيلي', 'بنيامين', 'نتنياهو', 'بالرئيس', 'الأميركي', 'دونالد', 'ترامب', 'البيت', 'الأبيض', 'أسبوع', 'تعيش', 'الأوساط', 'السياسية', 'المقربة', 'نتنياهو', 'حالة', 'انقسام', 'حاد', 'تقييم', 'مستقبل', 'السياسة', 'الأميركية', 'إيران،', 'وتحديدا', 'يتعلق', 'بالعودة', 'الخيار', 'العسكري', 'منشآتها', 'النووية', 'ويقول', 'التقرير', 'نشرته', 'صحيفة', 'معاريف', 'لمراسلتها', 'السياسية', 'آنا', 'برسكي', 'الانقسام', 'محيط', 'نتنياهو', 'واضحا', 'معسكر', 'الأوهام', 'يعلق', 'آماله', 'يسميه', 'الوفاء', 'الأبدي', 'لترامب', 'ومعسكر', 'الواقعيين', 'يقرؤون', 'سلوك', 'ترامب', 'وموقفه', 'الأخير', 'إسرائيل', 'تحصل', 'الضوء', 'الأخضر', 'الأميركي', 'لتوجيه', 'ضربة', 'عسكرية', 'إيران', 'وفي', 'معسكر', 'المتفائلين', 'تسميهم', 'برسكي', 'يسود', 'اعتقاد', 'راسخ', 'بأن', 'ترامب', 'معنا', 'وسيبقى', 'معنا،', 'وأن', 'تحرك', 'دبلوماسي', 'أميركي', 'حالي', 'طهران', 'إجراء', 'شكلي', 'سيفشل', 'لتعود', 'الولايات', 'المتحدة', 'دعم', 'الخيار', 'العسكري', 'وهؤلاء', 'بحسب', 'التقرير', 'يرون', 'ترامب', 'مسيحا', 'سياسيا', 'جاء', 'خصيصا', 'لتحقيق', 'أحلامهم', 'الأمنية،', 'ولذلك', 'استعدوا', 'لعودته', 'السلطة', 'ينايركانون', 'الثاني', 'أنها', 'لحظة', 'الخلاص', 'وتؤكد', 'برسكي', 'أعدوا', 'قائمة', 'أمنيات', 'طويلة', 'تتراوح', 'فرض', 'السيادة', 'الإسرائيلية', 'الضفة', 'الغربية', 'وغزو', 'كامل', 'لقطاع', 'غزة', 'والتوصل', 'اتفاق', 'سلام', 'إقليمي،', 'البند', 'الأول', 'الدائم', 'جدول', 'أعمالهم', 'إيران', 'وتضيف', 'برسكي', 'المتفائلين', 'يرون', 'التصريحات', 'العلنية', 'لترامب', 'تراجع،', 'يرون', 'التنسيق', 'واشنطن', 'ممتاز،', 'وكل', 'شيء', 'يسير', 'وفق', 'الخطة', 'ويقود', 'المعسكر', 'وزير', 'الشؤون', 'الإستراتيجية', 'رون', 'ديرمر', 'يتمتع', 'بعلاقات', 'وثيقة', 'الدائرة', 'المحيطة', 'بترامب', 'المقابل،', 'معسكر', 'آخر', 'يصف', 'نفسه', 'بـالواقعي', 'يرى', 'اللقاء', 'الأخير', 'نتنياهو', 'وترامب', 'مؤشرا', 'سلبيا', 'حاسما', 'ووفقا', 'كشفه', 'التقرير،', 'حصل', 'نتنياهو', 'ضوء', 'أحمر', 'صريح', 'ترامب', 'رفض', 'فكرة', 'العمل', 'العسكري', 'إيران،', 'مفضلا', 'نهج', 'المفاوضات', 'المباشرة', 'واشنطن', 'وطهران', 'ونقلت', 'الصحفية', 'المقربين', 'نتنياهو', 'المعسكر', 'قوله', 'بدلا', 'الحماس', 'المفرط', 'تغريدات', 'ترامب', 'المتقلبة', 'علينا', 'نستمع', 'جيدا', 'يقوله', 'بوضوح،', 'ورجاله', 'لقد', 'ترامب', 'لولايته', 'الثانية', 'نيل', 'جائزة', 'نوبل', 'للسلام،', 'لإشعال', 'حرب', 'عالمية', 'ثالثة', 'وأشارت', 'برسكي', 'التحول', 'الدراماتيكي', 'برز', 'أعقاب', 'مكالمة', 'هاتفية', 'مباشرة', 'ترامب', 'ونتنياهو', 'خرج', 'بعدها', 'الجميع', 'بانطباع', 'التوجه', 'الأميركي', 'الجديد', 'التفاوض', 'المباشر', 'إيران،', 'وليس', 'التصعيد', 'وقال', 'المصدر', 'نفسه', 'كنا', 'نظن', 'الإيرانيين', 'يدخلوا', 'مفاوضات،', 'وأن', 'ترامب', 'سينصت', 'المتشددين', 'إدارته،', 'لكننا', 'كنا', 'مخطئين', 'ورغم', 'الانقسام', 'الصحيفة', 'تقول', 'معسكر', 'المتفائلين', 'يزال', 'يعول', 'إيران،', 'وبقيادة', 'المرشد', 'الأعلى', 'للثورة', 'علي', 'خامنئي', 'سترفض', 'تسوية', 'دبلوماسية', 'وستطالب', 'بالمزيد', 'التنازلات،', 'سيفشل', 'المحادثات', 'ويعيد', 'طرح', 'الخيار', 'العسكري', 'ووفقا', 'للمراسلة،', 'يستند', 'التحليل', 'رؤية', 'ترى', 'خامنئي', 'يختلف', 'الرئيس', 'الفلسطيني', 'السابق', 'ياسر', 'عرفات،', 'إشارة', 'رفض', 'الأخير', 'اتفاق', 'كامب', 'ديفيد', 'عام', 'يتطلب', 'التنازل', 'السيادة', 'القدس،', 'أدى', 'توقف', 'المفاوضات', 'حينها،', 'وقال', 'أعضاء', 'المعسكر', 'نثق', 'بخامنئي،', 'يخيّب', 'ظننا', 'وسيسقط', 'الفخ', 'نصبناه', 'الواقعيين', 'يحذرون', 'التهوين', 'براعة', 'إيران،', 'فهم', 'يعتقدون', 'طهران', 'توافق', 'نسخة', 'محسنة', 'الاتفاق', 'النووي', 'السابق', 'اتفاق', 'أوباما،', 'وتبقي', 'الوقت', 'ذاته', 'البنية', 'التحتية', 'تمكنها', 'العودة', 'الخيار', 'العسكري', 'لاحقا', 'وفي', 'خضم', 'التباين', 'تقول', 'برسكي', 'إسرائيل', 'تنوي', 'الجلوس', 'مكتوفة', 'الأيدي،', 'فبينما', 'تواصل', 'الولايات', 'المتحدة', 'اختبار', 'المسار', 'الدبلوماسي', 'تتحرك', 'إسرائيل', 'لجمع', 'دعم', 'إقليمي', 'طهران', 'وتنقل', 'الكاتبة', 'إدراكا', 'القدس', 'بأن', 'دول', 'الخليج', 'والمملكة', 'العربية', 'السعودية', 'تحديدا', 'ترفض', 'الأخرى', 'فكرة', 'تمتلك', 'إيران', 'برنامجا', 'نوويا', 'سلميا', 'وبالتالي،', 'المرجح', 'تسعى', 'إسرائيل', 'بناء', 'جبهة', 'إقليمية', 'مشتركة', 'تشاركها', 'القلق', 'إيران', 'تمتلك', 'قدرات', 'تخصيب', 'متقدمة', 'كانت', 'شعار', 'الاستخدام', 'السلمي', 'وتخلص', 'المراسلة', 'السياسية', 'إسرائيل', 'باتت', 'تفتقر', 'الضوء', 'الأخضر', 'الأميركي', 'اعتادت', 'يجب', 'تعمل', 'إعادة', 'ترتيب', 'أوراقها،', 'سواء', 'عبر', 'الدبلوماسية', 'الإقليمية', 'عبر', 'الضغوط', 'السياسية', 'البيت', 'الأبيض،', 'انتظار', 'ينفد', 'ترامب،', 'تعبيرها', 'تابع', 'الجزيرة']"
"أدلى أبو عبيدة الناطق الرسمي باسم كتائب عز الدين القسام الجناح العسكري لحركة المقاومة الإسلامية (حماس) اليوم السبت بتصريحات جديدة بشأن مصير الأسرى الإسرائيليين الذين تحتجزهم المقاومة في قطاع غزة. وقال أبو عبيدة إن حياة الأسرى في خطر بسبب ""عمليات القصف الإجرامية التي يقوم بها جيش العدو"". وشدد على أن الاحتلال يكذب في دعوى معاملة الأسرى بطريقة غير إنسانية. وجاء في تصريحات أبو عبيدة أن الاحتلال يزوّر شهادات كاذبة لأسرى سابقين للتحريض على المقاومة والتغطية على فضيحة قتل أسراه. وأوضح أن المقاومة تعمل على حماية جميع الأسرى والمحافظة على حياتهم رغم همجية العدوان. وفي السياق ذاته، كشف الناطق باسم القسام أن المقاومة ""تمكنت من انتشال شهيد كان مكلفا بتأمين الأسير عيدان ألكسندر، ولا زال مصير الأسير والآسرين مجهولا"".          تابع الجزيرة نت على:",4.79,"['أدلى', 'عبيدة', 'الناطق', 'الرسمي', 'باسم', 'كتائب', 'الدين', 'القسام', 'الجناح', 'العسكري', 'لحركة', 'المقاومة', 'الإسلامية', 'حماس', 'اليوم', 'السبت', 'بتصريحات', 'جديدة', 'بشأن', 'مصير', 'الأسرى', 'الإسرائيليين', 'تحتجزهم', 'المقاومة', 'قطاع', 'غزة', 'وقال', 'عبيدة', 'حياة', 'الأسرى', 'خطر', 'بسبب', 'عمليات', 'القصف', 'الإجرامية', 'يقوم', 'جيش', 'العدو', 'وشدد', 'الاحتلال', 'يكذب', 'دعوى', 'معاملة', 'الأسرى', 'بطريقة', 'إنسانية', 'وجاء', 'تصريحات', 'عبيدة', 'الاحتلال', 'يزوّر', 'شهادات', 'كاذبة', 'لأسرى', 'سابقين', 'للتحريض', 'المقاومة', 'والتغطية', 'فضيحة', 'قتل', 'أسراه', 'وأوضح', 'المقاومة', 'تعمل', 'حماية', 'الأسرى', 'والمحافظة', 'حياتهم', 'رغم', 'همجية', 'العدوان', 'وفي', 'السياق', 'ذاته،', 'كشف', 'الناطق', 'باسم', 'القسام', 'المقاومة', 'تمكنت', 'انتشال', 'شهيد', 'مكلفا', 'بتأمين', 'الأسير', 'عيدان', 'ألكسندر،', 'زال', 'مصير', 'الأسير', 'والآسرين', 'مجهولا', 'تابع', 'الجزيرة']"
أفادت وسائل إعلام إسرائيلية بمقتل جندي وإصابة 4 آخرين، بعضهم بجروح حرجة جراء استهداف مركبة مدرعة في حي التفاح شرقي غزة. وأضافت هذه الوسائل أن معارك ضارية تجري بين قوات الاحتلال ومقاومين فلسطينيين في مواقع مختلفة بشمال قطاع غزة، مشيرة إلى أن سلاح الجو الإسرائيلي يشن هجمات واسعة على مناطق بشمال القطاع. وذكرت حسابات فلسطينية على منصة (إكس) أن مقاومين فجّروا دبابة إسرائيلية بواسطة عبوة ناسفة شرق غزة، ثم تم استهدافها بصاروخ موجه. وأفادت بأن مروحيات جيش الاحتلال تقوم بعمليات إخلاء إلى مستشفيات بالداخل المحتل، في حين أفادت مصادر بمقتل ضابط في الجيش وإصابة 4 جنود آخرين. وقالت مصادر فلسطينية إن غارات إسرائيلية استهدفت أرضا تؤوي نازحين بمنطقة المواصي غربي خان يونس جنوب قطاع غزة. وكانت وسائل إعلام إسرائيلية ذكرت في وقت سابق أن حدثا أمنيا خطيرا وقع في قطاع غزة وأن مروحيات تنقل مصابين. في غضون ذلك، استشهد 41 فلسطينيا في القصف الإسرائيلي على مناطق عدة في قطاع غزة منذ فجر اليوم، ليرتفع العدد إلى 92 شهيدا و219 مصابا في الساعات الـ48 الماضية، في ظل تصعيد جيش الاحتلال جرائم الإبادة الجماعية التي تستهدف في معظمها الأطفال والنساء. وبدعم أميركي ترتكب إسرائيل منذ 7 أكتوبر/تشرين الأول 2023، إبادة جماعية في غزة خلّفت أكثر من 167 ألف شهيد وجريح فلسطيني، معظمهم أطفال ونساء، وما يزيد على 11 ألف مفقود.          تابع الجزيرة نت على:,3.47,"['أفادت', 'وسائل', 'إعلام', 'إسرائيلية', 'بمقتل', 'جندي', 'وإصابة', 'آخرين،', 'بعضهم', 'بجروح', 'حرجة', 'جراء', 'استهداف', 'مركبة', 'مدرعة', 'التفاح', 'شرقي', 'غزة', 'وأضافت', 'الوسائل', 'معارك', 'ضارية', 'تجري', 'قوات', 'الاحتلال', 'ومقاومين', 'فلسطينيين', 'مواقع', 'مختلفة', 'بشمال', 'قطاع', 'غزة،', 'مشيرة', 'سلاح', 'الجو', 'الإسرائيلي', 'يشن', 'هجمات', 'واسعة', 'مناطق', 'بشمال', 'القطاع', 'وذكرت', 'حسابات', 'فلسطينية', 'منصة', 'إكس', 'مقاومين', 'فجّروا', 'دبابة', 'إسرائيلية', 'بواسطة', 'عبوة', 'ناسفة', 'شرق', 'غزة،', 'استهدافها', 'بصاروخ', 'موجه', 'وأفادت', 'بأن', 'مروحيات', 'جيش', 'الاحتلال', 'تقوم', 'بعمليات', 'إخلاء', 'مستشفيات', 'بالداخل', 'المحتل،', 'أفادت', 'مصادر', 'بمقتل', 'ضابط', 'الجيش', 'وإصابة', 'جنود', 'آخرين', 'وقالت', 'مصادر', 'فلسطينية', 'غارات', 'إسرائيلية', 'استهدفت', 'أرضا', 'تؤوي', 'نازحين', 'بمنطقة', 'المواصي', 'غربي', 'خان', 'يونس', 'جنوب', 'قطاع', 'غزة', 'وكانت', 'وسائل', 'إعلام', 'إسرائيلية', 'ذكرت', 'وقت', 'سابق', 'حدثا', 'أمنيا', 'خطيرا', 'وقع', 'قطاع', 'غزة', 'وأن', 'مروحيات', 'تنقل', 'مصابين', 'غضون', 'ذلك،', 'استشهد', 'فلسطينيا', 'القصف', 'الإسرائيلي', 'مناطق', 'عدة', 'قطاع', 'غزة', 'فجر', 'اليوم،', 'ليرتفع', 'العدد', 'شهيدا', 'مصابا', 'الساعات', 'الـ', 'الماضية،', 'تصعيد', 'جيش', 'الاحتلال', 'جرائم', 'الإبادة', 'الجماعية', 'تستهدف', 'معظمها', 'الأطفال', 'والنساء', 'وبدعم', 'أميركي', 'ترتكب', 'إسرائيل', 'أكتوبرتشرين', 'الأول', 'إبادة', 'جماعية', 'غزة', 'خلّفت', 'شهيد', 'وجريح', 'فلسطيني،', 'معظمهم', 'أطفال', 'ونساء،', 'يزيد', 'مفقود', 'تابع', 'الجزيرة']"
"حذرت الخارجية الفلسطينية من خطورة تداول مقطع فيديو أنتجته منصات استيطانية إسرائيلية متطرفة بتقنية الذكاء الاصطناعي لتفجير ونسف المسجد الأقصى وبناء الهيكل المزعوم مكانه، بعنوان العام القادم في القدس المبنية. واعتبرت الوزارة أن تعمد بعض المنصات التابعة لمنظمات استيطانية نشر هذا المقطع تحريض ممنهج لتصعيد استهداف المقدسات المسيحية والإسلامية بالقدس المحتلة، خاصة في ظل ردود فعل دولية باهتة على جرائم الإبادة التي يرتكبها في قطاع غزة واعتداءات المستوطنين المتصاعدة في الضفة الغربية المحتلة. وقالت الخارجية الفلسطينية، إن اليمين الإسرائيلي يشعر بإمكانية تنفيذ مخططاته التهويدية وسط ردود فعل دولية باهتة على جرائم الاحتلال. وطالبت الوزارة المجتمع الدولي ومؤسساته الأممية المختصة، بالتعامل بجدية مع هذا التحريض، واتخاذ الإجراءات التي يفرضها القانون الدولي، لوضع حد لاستفراد الحكومة الإسرائيلية بالشعب الفلسطيني، وإجباره على الالتزام بإرادة السلام الدولية والإقليمية، والانصياع لقرارات الشرعية الدولية، والإجماع الدولي على وقف الإبادة، وتوفير الآليات الكفيلة بحماية الشعب الفلسطيني.      وفي مشهد غير مسبوق منذ احتلال القدس عام 1967، يشهد المسجد الأقصى موجة من الاقتحامات المتتالية تجاوزت حدود الاستفزاز لتصل إلى مرحلة فرض أمر واقع جديد. فعلى مدار 5 أيام متواصلة، تدفق نحو 7 آلاف مستوطن إلى ساحات الحرم القدسي الشريف في صورة تعكس تحولا خطِرا في مسار الصراع. وتقول الحكومة الإسرائيلية إنها تحافظ على الوضع القائم في المسجد الأقصى وهو ما تنفيه دائرة الأوقاف الإسلامية في القدس. والوضع القائم هو الوضع الذي ساد على مر عقود قبل الاحتلال عام 1967، وبموجبه فإن دائرة الأوقاف الإسلامية في القدس هي المسؤولة عن إدارة شؤون المسجد وأن الصلاة في المسجد هي حصرا للمسلمين. واعتبرت دائرة الأوقاف الإسلامية في القدس -في تصريح مكتوب الاثنين- أن ما يجري في المسجد هو ""انتهاك غير مسبوق للوضع التاريخي والديني والقانوني القائم منذ أمد للمسجد الأقصى المبارك كمسجد إسلامي للمسلمين وحدهم"".          تابع الجزيرة نت على:",4.75,"['حذرت', 'الخارجية', 'الفلسطينية', 'خطورة', 'تداول', 'مقطع', 'فيديو', 'أنتجته', 'منصات', 'استيطانية', 'إسرائيلية', 'متطرفة', 'بتقنية', 'الذكاء', 'الاصطناعي', 'لتفجير', 'ونسف', 'المسجد', 'الأقصى', 'وبناء', 'الهيكل', 'المزعوم', 'مكانه،', 'بعنوان', 'العام', 'القادم', 'القدس', 'المبنية', 'واعتبرت', 'الوزارة', 'تعمد', 'المنصات', 'التابعة', 'لمنظمات', 'استيطانية', 'نشر', 'المقطع', 'تحريض', 'ممنهج', 'لتصعيد', 'استهداف', 'المقدسات', 'المسيحية', 'والإسلامية', 'بالقدس', 'المحتلة،', 'ردود', 'فعل', 'دولية', 'باهتة', 'جرائم', 'الإبادة', 'يرتكبها', 'قطاع', 'غزة', 'واعتداءات', 'المستوطنين', 'المتصاعدة', 'الضفة', 'الغربية', 'المحتلة', 'وقالت', 'الخارجية', 'الفلسطينية،', 'اليمين', 'الإسرائيلي', 'يشعر', 'بإمكانية', 'تنفيذ', 'مخططاته', 'التهويدية', 'وسط', 'ردود', 'فعل', 'دولية', 'باهتة', 'جرائم', 'الاحتلال', 'وطالبت', 'الوزارة', 'المجتمع', 'الدولي', 'ومؤسساته', 'الأممية', 'المختصة،', 'بالتعامل', 'بجدية', 'التحريض،', 'واتخاذ', 'الإجراءات', 'يفرضها', 'القانون', 'الدولي،', 'لوضع', 'لاستفراد', 'الحكومة', 'الإسرائيلية', 'بالشعب', 'الفلسطيني،', 'وإجباره', 'الالتزام', 'بإرادة', 'السلام', 'الدولية', 'والإقليمية،', 'والانصياع', 'لقرارات', 'الشرعية', 'الدولية،', 'والإجماع', 'الدولي', 'وقف', 'الإبادة،', 'وتوفير', 'الآليات', 'الكفيلة', 'بحماية', 'الشعب', 'الفلسطيني', 'وفي', 'مشهد', 'مسبوق', 'احتلال', 'القدس', 'عام', 'يشهد', 'المسجد', 'الأقصى', 'موجة', 'الاقتحامات', 'المتتالية', 'تجاوزت', 'حدود', 'الاستفزاز', 'لتصل', 'مرحلة', 'فرض', 'أمر', 'واقع', 'جديد', 'فعلى', 'مدار', 'أيام', 'متواصلة،', 'تدفق', 'آلاف', 'مستوطن', 'ساحات', 'الحرم', 'القدسي', 'الشريف', 'صورة', 'تعكس', 'تحولا', 'خطِرا', 'مسار', 'الصراع', 'وتقول', 'الحكومة', 'الإسرائيلية', 'إنها', 'تحافظ', 'الوضع', 'القائم', 'المسجد', 'الأقصى', 'تنفيه', 'دائرة', 'الأوقاف', 'الإسلامية', 'القدس', 'والوضع', 'القائم', 'الوضع', 'ساد', 'عقود', 'الاحتلال', 'عام', 'وبموجبه', 'دائرة', 'الأوقاف', 'الإسلامية', 'القدس', 'المسؤولة', 'إدارة', 'شؤون', 'المسجد', 'وأن', 'الصلاة', 'المسجد', 'حصرا', 'للمسلمين', 'واعتبرت', 'دائرة', 'الأوقاف', 'الإسلامية', 'القدس', 'تصريح', 'مكتوب', 'الاثنين', 'يجري', 'المسجد', 'انتهاك', 'مسبوق', 'للوضع', 'التاريخي', 'والديني', 'والقانوني', 'القائم', 'للمسجد', 'الأقصى', 'المبارك', 'كمسجد', 'إسلامي', 'للمسلمين', 'وحدهم', 'تابع', 'الجزيرة']"
"حوّلت قوات الاحتلال الإسرائيلي اليوم السبت، مدينة القدس إلى ثكنة عسكرية، في حين اقتحم مستوطنون مسلحون، قرية فلسطينية بالضفة الغربية المحتلة. وذكرت مصادر فلسطينية أن قوات الاحتلال نشرت عدة حواجز في القدس، خاصة منطقة باب العامود وأحياء البلدة القديمة، تزامنا مع إحياء الكنائس المسيحية ""سبت النور""، في كنيسة القيامة. وأضافت أن الاحتلال نصب حواجز عسكرية في الطرق الواصلة إلى كنيسة القيامة في البلدة القديمة، وأعاق وصول المصلين إلى الكنيسة، ودقق في هويات الشبان ومنع عددا من الدخول. كما فرضت قوات الاحتلال الإسرائيلي إجراءات عسكرية مشددة على الحواجز المحيطة بمدينة القدس المحتلة. كذلك حرم الاحتلال الإسرائيلي آلاف المواطنين المسيحيين من الضفة الغربية، من الوصول إلى مدينة القدس المحتلة، للمشاركة في إحياء ""سبت النور""، حيث يشترط على الفلسطينيين، المسلمين والمسيحيين، استصدار تصاريح خاصة للعبور من حواجزه العسكرية المحيطة في المدينة المقدسة والوصول إلى أماكن العبادة، خاصة المسجد الأقصى المبارك وكنيسة القيامة. وذكرت مصادر أن الاحتلال أصدر 6 آلاف تصريح فقط للفلسطينيين المسيحيين من محافظات الضفة الغربية، علما أن عدد المسيحيين في تلك المحافظات يقدّر بـ50 ألفا. وللعام الثاني على التوالي، يشارك عدد قليل من الحجاج في صلوات ""الأسبوع المقدس"" وعيد الفصح في مدينة القدس، وذلك بسبب تداعيات حرب الإبادة والعدوان الإسرائيلي المتواصل على فلسطين منذ السابع من أكتوبر/تشرين الأول 2023. كما ألغت الكنائس المظاهر الاحتفالية والمسيرات الكشفية كافة بعيد الفصح، حيث يقتصر العيد على إقامة القداديس والصلوات والشعائر الدينية. في الوقت ذاته، اقتحم مستوطنون إسرائيليون مسلحون، اليوم، قرية رأس عين العوجا البدوية، شمال مدينة أريحا، شرقي الضفة الغربية المحتلة، واعتدوا على ممتلكات الفلسطينيين فيها. وأفاد مشرف منظمة ""البيدر"" للدفاع عن حقوق البدو حسن مليحات، بأن عددا من المستوطنين المسلحين اقتحموا قرية رأس عين العوجا البدوية ومعهم قطيع من الماشية، ورعوا أغنامهم وسط مساكن المواطنين، وأتلفوا ممتلكاتهم، لمنع السكان من الاستفادة من تلك الأراضي. وأشار في بيان إلى أن هجمات المستوطنين ضد التجمعات البدوية أخذت منحى تصاعديا، وأصبحت تطول كل شيء يخص حياة البدو. وفي الأغوار الشمالية، أقدم مستوطنون على سرقة مضخات للمياه وتخريب مزروعات في خربة الدير. وتقع الأغوار الشمالية شمال شرق الضفة الغربية المحتلة، ضمن ما يعرف حاليا بمحافظة طوباس. يُذكر أن المستوطنين أقاموا 60 بؤرة استيطانية في الضفة الغربية منذ بدء الإبادة ضد الشعب الفلسطيني في غزة منها 51 بؤرة في عام 2024، وفق معطيات صادرة عن هيئة مقاومة الجدار والاستيطان الفلسطينية الحكومية. وأدت الاعتداءات الاستيطانية الإسرائيلية بالضفة، إلى تهجير 29 تجمعا فلسطينيا مكونا من 311 عائلة يصل تعداد أفرادها إلى نحو ألفين، بين أكتوبر/تشرين الأول 2023 ونهاية عام 2024، حسب الهيئة ذاتها. وبالتوازي مع حرب الإبادة في غزة صعّد جيش الاحتلال ومستوطنوه عدوانهم بالضفة الغربية، بما فيها القدس الشرقية، مما أدى إلى استشهاد أكثر من 952 فلسطينيا، وإصابة قرابة 7 آلاف، واعتقال 16 ألفا و400 آخرين وفق معطيات فلسطينية. كما يواصل الاحتلال عدوانه على مدن وبلدات ومخيمات شمال الضفة الغربية منذ 88 يوما، خاصة في جنين وطولكرم. وبدعم أميركي، يواصل الاحتلال إبادته الجماعية في غزة منذ أكثر من 18 شهرا، مخلفا أكثر من 167 ألف شهيد وجريح، غالبيتهم من النساء والأطفال، إلى جانب أكثر من 11 ألف مفقود.          تابع الجزيرة نت على:",3.06,"['حوّلت', 'قوات', 'الاحتلال', 'الإسرائيلي', 'اليوم', 'السبت،', 'مدينة', 'القدس', 'ثكنة', 'عسكرية،', 'اقتحم', 'مستوطنون', 'مسلحون،', 'قرية', 'فلسطينية', 'بالضفة', 'الغربية', 'المحتلة', 'وذكرت', 'مصادر', 'فلسطينية', 'قوات', 'الاحتلال', 'نشرت', 'عدة', 'حواجز', 'القدس،', 'منطقة', 'باب', 'العامود', 'وأحياء', 'البلدة', 'القديمة،', 'تزامنا', 'إحياء', 'الكنائس', 'المسيحية', 'النور،', 'كنيسة', 'القيامة', 'وأضافت', 'الاحتلال', 'نصب', 'حواجز', 'عسكرية', 'الطرق', 'الواصلة', 'كنيسة', 'القيامة', 'البلدة', 'القديمة،', 'وأعاق', 'وصول', 'المصلين', 'الكنيسة،', 'ودقق', 'هويات', 'الشبان', 'ومنع', 'عددا', 'الدخول', 'فرضت', 'قوات', 'الاحتلال', 'الإسرائيلي', 'إجراءات', 'عسكرية', 'مشددة', 'الحواجز', 'المحيطة', 'بمدينة', 'القدس', 'المحتلة', 'حرم', 'الاحتلال', 'الإسرائيلي', 'آلاف', 'المواطنين', 'المسيحيين', 'الضفة', 'الغربية،', 'الوصول', 'مدينة', 'القدس', 'المحتلة،', 'للمشاركة', 'إحياء', 'النور،', 'يشترط', 'الفلسطينيين،', 'المسلمين', 'والمسيحيين،', 'استصدار', 'تصاريح', 'للعبور', 'حواجزه', 'العسكرية', 'المحيطة', 'المدينة', 'المقدسة', 'والوصول', 'أماكن', 'العبادة،', 'المسجد', 'الأقصى', 'المبارك', 'وكنيسة', 'القيامة', 'وذكرت', 'مصادر', 'الاحتلال', 'أصدر', 'آلاف', 'تصريح', 'فقط', 'للفلسطينيين', 'المسيحيين', 'محافظات', 'الضفة', 'الغربية،', 'علما', 'عدد', 'المسيحيين', 'المحافظات', 'يقدّر', 'ألفا', 'وللعام', 'الثاني', 'التوالي،', 'يشارك', 'عدد', 'قليل', 'الحجاج', 'صلوات', 'الأسبوع', 'المقدس', 'وعيد', 'الفصح', 'مدينة', 'القدس،', 'وذلك', 'بسبب', 'تداعيات', 'حرب', 'الإبادة', 'والعدوان', 'الإسرائيلي', 'المتواصل', 'فلسطين', 'السابع', 'أكتوبرتشرين', 'الأول', 'ألغت', 'الكنائس', 'المظاهر', 'الاحتفالية', 'والمسيرات', 'الكشفية', 'كافة', 'بعيد', 'الفصح،', 'يقتصر', 'العيد', 'إقامة', 'القداديس', 'والصلوات', 'والشعائر', 'الدينية', 'الوقت', 'ذاته،', 'اقتحم', 'مستوطنون', 'إسرائيليون', 'مسلحون،', 'اليوم،', 'قرية', 'رأس', 'العوجا', 'البدوية،', 'مدينة', 'أريحا،', 'شرقي', 'الضفة', 'الغربية', 'المحتلة،', 'واعتدوا', 'ممتلكات', 'الفلسطينيين', 'وأفاد', 'مشرف', 'منظمة', 'البيدر', 'للدفاع', 'حقوق', 'البدو', 'حسن', 'مليحات،', 'بأن', 'عددا', 'المستوطنين', 'المسلحين', 'اقتحموا', 'قرية', 'رأس', 'العوجا', 'البدوية', 'ومعهم', 'قطيع', 'الماشية،', 'ورعوا', 'أغنامهم', 'وسط', 'مساكن', 'المواطنين،', 'وأتلفوا', 'ممتلكاتهم،', 'لمنع', 'السكان', 'الاستفادة', 'الأراضي', 'وأشار', 'بيان', 'هجمات', 'المستوطنين', 'التجمعات', 'البدوية', 'أخذت', 'منحى', 'تصاعديا،', 'وأصبحت', 'تطول', 'شيء', 'يخص', 'حياة', 'البدو', 'وفي', 'الأغوار', 'الشمالية،', 'أقدم', 'مستوطنون', 'سرقة', 'مضخات', 'للمياه', 'وتخريب', 'مزروعات', 'خربة', 'الدير', 'وتقع', 'الأغوار', 'الشمالية', 'شرق', 'الضفة', 'الغربية', 'المحتلة،', 'ضمن', 'يعرف', 'حاليا', 'بمحافظة', 'طوباس', 'يُذكر', 'المستوطنين', 'أقاموا', 'بؤرة', 'استيطانية', 'الضفة', 'الغربية', 'بدء', 'الإبادة', 'الشعب', 'الفلسطيني', 'غزة', 'بؤرة', 'عام', 'وفق', 'معطيات', 'صادرة', 'هيئة', 'مقاومة', 'الجدار', 'والاستيطان', 'الفلسطينية', 'الحكومية', 'وأدت', 'الاعتداءات', 'الاستيطانية', 'الإسرائيلية', 'بالضفة،', 'تهجير', 'تجمعا', 'فلسطينيا', 'مكونا', 'عائلة', 'يصل', 'تعداد', 'أفرادها', 'ألفين،', 'أكتوبرتشرين', 'الأول', 'ونهاية', 'عام', 'الهيئة', 'ذاتها', 'وبالتوازي', 'حرب', 'الإبادة', 'غزة', 'صعّد', 'جيش', 'الاحتلال', 'ومستوطنوه', 'عدوانهم', 'بالضفة', 'الغربية،', 'القدس', 'الشرقية،', 'أدى', 'استشهاد', 'فلسطينيا،', 'وإصابة', 'قرابة', 'آلاف،', 'واعتقال', 'ألفا', 'آخرين', 'وفق', 'معطيات', 'فلسطينية', 'يواصل', 'الاحتلال', 'عدوانه', 'مدن', 'وبلدات', 'ومخيمات', 'الضفة', 'الغربية', 'يوما،', 'جنين', 'وطولكرم', 'وبدعم', 'أميركي،', 'يواصل', 'الاحتلال', 'إبادته', 'الجماعية', 'غزة', 'شهرا،', 'مخلفا', 'شهيد', 'وجريح،', 'غالبيتهم', 'النساء', 'والأطفال،', 'جانب', 'مفقود', 'تابع', 'الجزيرة']"
"أعلن الرئيس الروسي فلاديمير بوتين وقف إطلاق النار من جانب واحد في أوكرانيا، بمناسبة عيد القيامة، وأمر قواته بوقف الأعمال القتالية اعتبارا من الساعة السادسة مساء بتوقيت موسكو (15:00 بتوقيت غرينتش) اليوم السبت حتى نهاية غد الأحد. وقال بوتين إنه يعتقد أن أوكرانيا ستحذو حذو بلاده، لكنه طلب من رئيس أركان الجيش الروسي تجهيز القوات لدرء أي انتهاكات للهدنة من جانب كييف. وأكد أن أفعال أوكرانيا خلال الهدنة ستظهر استعدادها للتوصل إلى تسوية سلمية، مؤكدا أن بلاده مستعدة دائما للمفاوضات وترحب برغبة أميركا والصين ودول أخرى في التوصل لتسوية عادلة بشأن أوكرانيا. في غضوت ذلك، أعلنت روسيا اليوم السبت استعادة البلدة قبل الأخيرة التي لا تزال تحت سيطرة الجيش الأوكراني في منطقة كورسك الحدودية الروسية التي تعرضت الصيف الماضي لهجوم مباغت من كييف. وقالت وزارة الدفاع الروسية على تيليغرام ""خلال العمليات الهجومية، قامت وحدات من مجموعة قوات الشمال بتحرير قرية أوليشنيا في منطقة كورسك"". وبعد طرد القوات الأوكرانية من هذه القرية الحدودية الصغيرة، لم يعد أمام الجيش الروسي سوى قرية أخيرة، وهي قرية جورنال لاستكمال استعادة السيطرة على منطقة كورسك. وفي صيف 2024، شن الجيش الأوكراني هجوما في منطقة كورسك، ففاجأ القوات الروسية واحتل أكثر من ألف كيلومتر مربع. وتمكنت القوات الروسية من استعادة مساحات كبيرة من المنطقة خلال مارس/ آذار الماضي، ولا سيما بلدة سودجا التي كان الأوكرانيون يعتمدونها قاعدة رئيسية لعملياتهم في المنطقة. وتنتشر القوات الروسية الآن على الحدود ما يشكل تهديدا لمنطقة سومي الأوكرانية المقابلة لمنطقة كورسك، حيث قامت بالفعل بتوغلات في الأسابيع الأخيرة. والسبت، كتب حاكم المنطقة ألكسندر كينشتاين على تيليغرام أن ضربة نفذتها طائرة مسيرة أوكرانية على سيارة في منطقة كورسك أسفرت عن مقتل امرأة وإصابة رجل وطفل. في هذه الأثناء، اتهمت وزارة الدفاع الروسية أوكرانيا بمهاجمة منشآت طاقة روسية 10 مرات خلال الأربع والعشرين ساعة الماضية. وتوسطت الولايات المتحدة في مارس آذار الماضي في اتفاق بين أوكرانيا وروسيا لوقف تبادل الهجمات على البنى التحتية للطاقة لمدة 30 يوما. ويتبادل الطرفان منذ ذلك الحين الاتهامات بانتهاك الاتفاق. وردا على سؤال عما إذا كان تعليق قصف منشآت الطاقة انتهى، قال دميتري بيسكوف المتحدث باسم الكرملين أمس الجمعة إن شهرا مضى بالفعل لكن لم تصدر أوامر من الرئيس فلاديمير بوتين بتغيير الموقف الروسي.          تابع الجزيرة نت على:",2.18,"['أعلن', 'الرئيس', 'الروسي', 'فلاديمير', 'بوتين', 'وقف', 'إطلاق', 'النار', 'جانب', 'أوكرانيا،', 'بمناسبة', 'عيد', 'القيامة،', 'وأمر', 'قواته', 'بوقف', 'الأعمال', 'القتالية', 'اعتبارا', 'الساعة', 'السادسة', 'بتوقيت', 'موسكو', 'بتوقيت', 'غرينتش', 'اليوم', 'السبت', 'نهاية', 'الأحد', 'وقال', 'بوتين', 'يعتقد', 'أوكرانيا', 'ستحذو', 'حذو', 'بلاده،', 'لكنه', 'طلب', 'رئيس', 'أركان', 'الجيش', 'الروسي', 'تجهيز', 'القوات', 'لدرء', 'انتهاكات', 'للهدنة', 'جانب', 'كييف', 'وأكد', 'أفعال', 'أوكرانيا', 'خلال', 'الهدنة', 'ستظهر', 'استعدادها', 'للتوصل', 'تسوية', 'سلمية،', 'مؤكدا', 'بلاده', 'مستعدة', 'دائما', 'للمفاوضات', 'وترحب', 'برغبة', 'أميركا', 'والصين', 'ودول', 'أخرى', 'التوصل', 'لتسوية', 'عادلة', 'بشأن', 'أوكرانيا', 'غضوت', 'ذلك،', 'أعلنت', 'روسيا', 'اليوم', 'السبت', 'استعادة', 'البلدة', 'الأخيرة', 'تزال', 'سيطرة', 'الجيش', 'الأوكراني', 'منطقة', 'كورسك', 'الحدودية', 'الروسية', 'تعرضت', 'الصيف', 'الماضي', 'لهجوم', 'مباغت', 'كييف', 'وقالت', 'وزارة', 'الدفاع', 'الروسية', 'تيليغرام', 'خلال', 'العمليات', 'الهجومية،', 'قامت', 'وحدات', 'مجموعة', 'قوات', 'الشمال', 'بتحرير', 'قرية', 'أوليشنيا', 'منطقة', 'كورسك', 'وبعد', 'طرد', 'القوات', 'الأوكرانية', 'القرية', 'الحدودية', 'الصغيرة،', 'يعد', 'الجيش', 'الروسي', 'قرية', 'أخيرة،', 'وهي', 'قرية', 'جورنال', 'لاستكمال', 'استعادة', 'السيطرة', 'منطقة', 'كورسك', 'وفي', 'صيف', 'الجيش', 'الأوكراني', 'هجوما', 'منطقة', 'كورسك،', 'ففاجأ', 'القوات', 'الروسية', 'واحتل', 'كيلومتر', 'مربع', 'وتمكنت', 'القوات', 'الروسية', 'استعادة', 'مساحات', 'كبيرة', 'المنطقة', 'خلال', 'الماضي،', 'سيما', 'بلدة', 'سودجا', 'الأوكرانيون', 'يعتمدونها', 'قاعدة', 'رئيسية', 'لعملياتهم', 'المنطقة', 'وتنتشر', 'القوات', 'الروسية', 'الحدود', 'يشكل', 'تهديدا', 'لمنطقة', 'سومي', 'الأوكرانية', 'المقابلة', 'لمنطقة', 'كورسك،', 'قامت', 'بالفعل', 'بتوغلات', 'الأسابيع', 'الأخيرة', 'والسبت،', 'كتب', 'حاكم', 'المنطقة', 'ألكسندر', 'كينشتاين', 'تيليغرام', 'ضربة', 'نفذتها', 'طائرة', 'مسيرة', 'أوكرانية', 'سيارة', 'منطقة', 'كورسك', 'أسفرت', 'مقتل', 'امرأة', 'وإصابة', 'رجل', 'وطفل', 'الأثناء،', 'اتهمت', 'وزارة', 'الدفاع', 'الروسية', 'أوكرانيا', 'بمهاجمة', 'منشآت', 'طاقة', 'روسية', 'مرات', 'خلال', 'الأربع', 'والعشرين', 'ساعة', 'الماضية', 'وتوسطت', 'الولايات', 'المتحدة', 'الماضي', 'اتفاق', 'أوكرانيا', 'وروسيا', 'لوقف', 'تبادل', 'الهجمات', 'البنى', 'التحتية', 'للطاقة', 'لمدة', 'يوما', 'ويتبادل', 'الطرفان', 'الحين', 'الاتهامات', 'بانتهاك', 'الاتفاق', 'وردا', 'سؤال', 'تعليق', 'قصف', 'منشآت', 'الطاقة', 'انتهى،', 'قال', 'دميتري', 'بيسكوف', 'المتحدث', 'باسم', 'الكرملين', 'الجمعة', 'شهرا', 'مضى', 'بالفعل', 'تصدر', 'أوامر', 'الرئيس', 'فلاديمير', 'بوتين', 'بتغيير', 'الموقف', 'الروسي', 'تابع', 'الجزيرة']"
"أعلن الديوان الملكي الأردني في بيان له أن الملك عبدالله الثاني تلقى اليوم السبت، اتصالا هاتفيا من الرئيس المصري عبد الفتاح السيسي""بحثا خلاله الجهود المبذولة لإنهاء الحرب على غزة واستئناف دخول المساعدات الإنسانية، والتوصل إلى تهدئة شاملة بالإقليم"". وحسب البيان الذي نشرته وكالة أنباء ""بترا"" الأردنية الرسمية ""تناول الاتصال خطورة استمرار الاعتداءات على الأشقاء الفلسطينيين في الضفة الغربية، والانتهاكات للمقدسات الإسلامية والمسيحية في القدس، كما جدد الزعيمان تأكيد أهمية بذل كل الجهود لدعم خطة إعادة إعمار غزة دون تهجير سكانها، وتثبيت الفلسطينيين على أرضهم"". وأفاد البيان بأن السيسي وعبد الله الثاني بحثا في حديثهما الهاتفي ""آليات توسيع آفاق التعاون بين الأردن ومصر، بما يعزز الشراكة الإستراتيجية بين البلدين"". وفي إشارة ضمنية تطرق السيسي وعبد الله الثاني إلى إعلان الأردن الأسبوع الماضي إحباط مخططات كانت تهدف إلى المساس بالأمن الوطني قال البيان إن الرئيس المصري أكد ""دعم مصر المطلق للأردن في مواجهة كل ما يستهدف أمنه واستقراره"". يذكر أن قمة عربية طارئة بشأن فلسطين عقدت في 4 مارس/آذار الماضي اعتمدت خطة قدمتها مصر لإعادة إعمار غزة دون تهجير الفلسطينيين منها، على أن يستغرق تنفيذها 5 سنوات، وتكلف نحو 53 مليار دولار. لكن إسرائيل والولايات المتحدة رفضتا الخطة، وتمسكتا بمخطط الرئيس الأميركي دونالد ترامب لتهجير فلسطينيي غزة إلى دول مجاورة مثل مصر والأردن، وهو ما رفضه البلدان، وانضمت إليهما دول عربية أخرى ومنظمات إقليمية ودولية.          تابع الجزيرة نت على:",5.69,"['أعلن', 'الديوان', 'الملكي', 'الأردني', 'بيان', 'الملك', 'عبدالله', 'الثاني', 'تلقى', 'اليوم', 'السبت،', 'اتصالا', 'هاتفيا', 'الرئيس', 'المصري', 'عبد', 'الفتاح', 'السيسيبحثا', 'خلاله', 'الجهود', 'المبذولة', 'لإنهاء', 'الحرب', 'غزة', 'واستئناف', 'دخول', 'المساعدات', 'الإنسانية،', 'والتوصل', 'تهدئة', 'شاملة', 'بالإقليم', 'وحسب', 'البيان', 'نشرته', 'وكالة', 'أنباء', 'بترا', 'الأردنية', 'الرسمية', 'تناول', 'الاتصال', 'خطورة', 'استمرار', 'الاعتداءات', 'الأشقاء', 'الفلسطينيين', 'الضفة', 'الغربية،', 'والانتهاكات', 'للمقدسات', 'الإسلامية', 'والمسيحية', 'القدس،', 'جدد', 'الزعيمان', 'تأكيد', 'أهمية', 'بذل', 'الجهود', 'لدعم', 'خطة', 'إعادة', 'إعمار', 'غزة', 'تهجير', 'سكانها،', 'وتثبيت', 'الفلسطينيين', 'أرضهم', 'وأفاد', 'البيان', 'بأن', 'السيسي', 'وعبد', 'الله', 'الثاني', 'بحثا', 'حديثهما', 'الهاتفي', 'آليات', 'توسيع', 'آفاق', 'التعاون', 'الأردن', 'ومصر،', 'يعزز', 'الشراكة', 'الإستراتيجية', 'البلدين', 'وفي', 'إشارة', 'ضمنية', 'تطرق', 'السيسي', 'وعبد', 'الله', 'الثاني', 'إعلان', 'الأردن', 'الأسبوع', 'الماضي', 'إحباط', 'مخططات', 'كانت', 'تهدف', 'المساس', 'بالأمن', 'الوطني', 'قال', 'البيان', 'الرئيس', 'المصري', 'أكد', 'دعم', 'مصر', 'المطلق', 'للأردن', 'مواجهة', 'يستهدف', 'أمنه', 'واستقراره', 'يذكر', 'قمة', 'عربية', 'طارئة', 'بشأن', 'فلسطين', 'عقدت', 'مارسآذار', 'الماضي', 'اعتمدت', 'خطة', 'قدمتها', 'مصر', 'لإعادة', 'إعمار', 'غزة', 'تهجير', 'الفلسطينيين', 'منها،', 'يستغرق', 'تنفيذها', 'سنوات،', 'وتكلف', 'مليار', 'إسرائيل', 'والولايات', 'المتحدة', 'رفضتا', 'الخطة،', 'وتمسكتا', 'بمخطط', 'الرئيس', 'الأميركي', 'دونالد', 'ترامب', 'لتهجير', 'فلسطينيي', 'غزة', 'دول', 'مجاورة', 'مصر', 'والأردن،', 'رفضه', 'البلدان،', 'وانضمت', 'إليهما', 'دول', 'عربية', 'أخرى', 'ومنظمات', 'إقليمية', 'ودولية', 'تابع', 'الجزيرة']"
قالت المفوضية الأممية للشؤون الإنسانية إن غزة تختنق، وإن ما يحدث هو حرمان متعمد ومقصود، مؤكدة أن السكان في القطاع حرموا من الضروريات الأساسية للبقاء أحياء. وأضافت المفوضية أن أكثر من 50 يوما مرت دون أن يدخل غذاء أو وقود أو إمدادات صحية إلى القطاع. وأضافت أن المستشفيات والمراكز الصحية تعاني نقصا حادا في الإمدادات، مشيرة إلى أنها ممتلئة بضحايا القصف المكثف والمستمر. وشددت المفوضية على أن إمدادات المياه تنخفض انخفاضا حادا ومخازن الغذاء التابعة للأمم المتحدة توشك على النفاد، وأجبرنا على إغلاق المخابز ولا يوجد وقود للطبخ. وفي السياق ذاته، طالبت وكالة غوث وتشغيل اللاجئين الفلسطينيين، (أونروا)، بإعادة فتح المعابر لتدفق المساعدات باستمرار وتجديد وقف إطلاق النار في غزة. وتقول أونروا إن إسرائيل تمنع منذ 7 أسابيع دخول المساعدات الإنسانية والإمدادات الطبية والتجارية، والأغذية، ولقاحات الأطفال، والوقود. وأضاف بيان الوكالة أن المساعدات والإمدادات الإنسانية لم تدخل إلى قطاع غزة منذ الثاني من مارس/آذار الماضي، وقالت إن تقديرات الأمم المتحدة تشير إلى نزوح ما يقرب من 420 ألف شخص من جديد منذ انهيار وقف إطلاق النار. وأكدت الوكالة أن نحو 69% من سكان القطاع يخضعون لأوامر تهجير مستمرة. وتتفاقم المعاناة الإنسانية لسكان قطاع غزة بفعل الحرب والحصار، فهم يواجهون صعوبات في الطهي لعدم توفر الغاز والخشب، مع ارتفاع الأسعار ارتفاعا كبيرا. ويلجأ كثيرون إلى استخدام مواد غير صحية بالمرة، مثل البلاستيك وبقايا أثاث وقماش، مما يزيد من تدمير صحتهم، بسبب الدخان السام.          تابع الجزيرة نت على:,2.13,"['قالت', 'المفوضية', 'الأممية', 'للشؤون', 'الإنسانية', 'غزة', 'تختنق،', 'يحدث', 'حرمان', 'متعمد', 'ومقصود،', 'مؤكدة', 'السكان', 'القطاع', 'حرموا', 'الضروريات', 'الأساسية', 'للبقاء', 'أحياء', 'وأضافت', 'المفوضية', 'يوما', 'مرت', 'يدخل', 'غذاء', 'وقود', 'إمدادات', 'صحية', 'القطاع', 'وأضافت', 'المستشفيات', 'والمراكز', 'الصحية', 'تعاني', 'نقصا', 'حادا', 'الإمدادات،', 'مشيرة', 'أنها', 'ممتلئة', 'بضحايا', 'القصف', 'المكثف', 'والمستمر', 'وشددت', 'المفوضية', 'إمدادات', 'المياه', 'تنخفض', 'انخفاضا', 'حادا', 'ومخازن', 'الغذاء', 'التابعة', 'للأمم', 'المتحدة', 'توشك', 'النفاد،', 'وأجبرنا', 'إغلاق', 'المخابز', 'يوجد', 'وقود', 'للطبخ', 'وفي', 'السياق', 'ذاته،', 'طالبت', 'وكالة', 'غوث', 'وتشغيل', 'اللاجئين', 'الفلسطينيين،', 'أونروا،', 'بإعادة', 'فتح', 'المعابر', 'لتدفق', 'المساعدات', 'باستمرار', 'وتجديد', 'وقف', 'إطلاق', 'النار', 'غزة', 'وتقول', 'أونروا', 'إسرائيل', 'تمنع', 'أسابيع', 'دخول', 'المساعدات', 'الإنسانية', 'والإمدادات', 'الطبية', 'والتجارية،', 'والأغذية،', 'ولقاحات', 'الأطفال،', 'والوقود', 'وأضاف', 'بيان', 'الوكالة', 'المساعدات', 'والإمدادات', 'الإنسانية', 'تدخل', 'قطاع', 'غزة', 'الثاني', 'مارسآذار', 'الماضي،', 'وقالت', 'تقديرات', 'الأمم', 'المتحدة', 'تشير', 'نزوح', 'يقرب', 'شخص', 'جديد', 'انهيار', 'وقف', 'إطلاق', 'النار', 'وأكدت', 'الوكالة', 'سكان', 'القطاع', 'يخضعون', 'لأوامر', 'تهجير', 'مستمرة', 'وتتفاقم', 'المعاناة', 'الإنسانية', 'لسكان', 'قطاع', 'غزة', 'بفعل', 'الحرب', 'والحصار،', 'فهم', 'يواجهون', 'صعوبات', 'الطهي', 'لعدم', 'توفر', 'الغاز', 'والخشب،', 'ارتفاع', 'الأسعار', 'ارتفاعا', 'كبيرا', 'ويلجأ', 'كثيرون', 'استخدام', 'مواد', 'صحية', 'بالمرة،', 'البلاستيك', 'وبقايا', 'أثاث', 'وقماش،', 'يزيد', 'تدمير', 'صحتهم،', 'بسبب', 'الدخان', 'السام', 'تابع', 'الجزيرة']"
"انتقدت المقررة الخاصة للأمم المتحدة بشأن فلسطين فرانشيسكا ألبانيزي بشدة مواقف بعض الدول الغربية تجاه ما يحدث في الأراضي الفلسطينية، قائلة ""ما زلنا عنصريين نتمسك بالمعايير المزدوجة القديمة، ولا نشعر بأي تعاطف تجاه الفلسطينيين"". وقالت ألبانيزي في تصريح لإذاعة ""آر إن إي"" الرسمية الإسبانية اليوم السبت إن القانون الدولي يحظر ما تقوم به إسرائيل في قطاع غزة، مضيفة ""هذه ليست حربا، بل هجوم إبادة جماعية"". ووصفت الوضع الحالي في غزة بـ""المدمر""، مشيرة إلى أن 90% من الفلسطينيين بالقطاع يعانون من انعدام الأمن المائي، ولا تتوفر لهم إمكانية الوصول إلى الغذاء أو الدواء، إلى جانب القصف الإسرائيلي المستمر وتعرض المدنيين ""لانتهاكات جسدية ونفسية وجنسية"". وأشارت ألبانيزي إلى عدم اكتفاء إسرائيل بتعريض الوصول إلى المساعدات الإنسانية للخطر، بل ترفض دخولها إلى القطاع علنا. وفيما يخص موضوع المحتجزين الإسرائيليين في قطاع غزة، قالت ألبانيزي إن الحكومة الإسرائيلية ""لا تملك تصورا واضحا"" للتعامل بهذا الخصوص. وحذرت من أن إسرائيل تسعى لإخلاء الأراضي الفلسطينية من الفلسطينيين، مضيفة ""هذا تطهير عرقي""، ومضت قائلة ""إسرائيل بصفتها دولة فصل عنصري لا يمكن اعتبارها دولة طبيعية"". وفي سياق متصل، انتقدت المقررة الأممية الدول الغربية التي لا ترفع صوتها في وجه إسرائيل، وأضافت ""ما زلنا عنصريين نتمسك بالمعايير المزدوجة القديمة، هذه هي الحقيقة، نحن لا نشعر بأي تعاطف تجاه الفلسطينيين"". وشددت على أن تنفيذ حل الدولتين الذي يطرحه المجتمع الدولي حلا وحيدا لا يمكن أن يتحقق دون وجود الفلسطينيين على أرضهم، وحذرت من أنه ""إن لم يكن الفلسطينيون موجودين على تلك الأرض فلن تكون هناك دولتان"". وقالت ألبانيزي إنه كان حريا بالدول الغربية قطع علاقاتها مع إسرائيل، مضيفة ""نعم للحوار، لكن لا توجد ضرورة لإقامة علاقات تجارية أو عسكرية أو إستراتيجية، وباعتباري مواطنة أوروبية وإيطالية أرى أن ما يحدث هو مأساة"". وترتكب إسرائيل منذ 7 أكتوبر/تشرين الأول 2023 إبادة جماعية في غزة خلّفت أكثر من 167 ألف شهيد وجريح فلسطيني -معظمهم أطفال ونساء- وما يزيد على 11 ألف مفقود.          تابع الجزيرة نت على:",4.38,"['انتقدت', 'المقررة', 'الخاصة', 'للأمم', 'المتحدة', 'بشأن', 'فلسطين', 'فرانشيسكا', 'ألبانيزي', 'بشدة', 'مواقف', 'الدول', 'الغربية', 'يحدث', 'الأراضي', 'الفلسطينية،', 'قائلة', 'زلنا', 'عنصريين', 'نتمسك', 'بالمعايير', 'المزدوجة', 'القديمة،', 'نشعر', 'بأي', 'تعاطف', 'الفلسطينيين', 'وقالت', 'ألبانيزي', 'تصريح', 'لإذاعة', 'الرسمية', 'الإسبانية', 'اليوم', 'السبت', 'القانون', 'الدولي', 'يحظر', 'تقوم', 'إسرائيل', 'قطاع', 'غزة،', 'مضيفة', 'حربا،', 'هجوم', 'إبادة', 'جماعية', 'ووصفت', 'الوضع', 'الحالي', 'غزة', 'بـالمدمر،', 'مشيرة', 'الفلسطينيين', 'بالقطاع', 'يعانون', 'انعدام', 'الأمن', 'المائي،', 'تتوفر', 'إمكانية', 'الوصول', 'الغذاء', 'الدواء،', 'جانب', 'القصف', 'الإسرائيلي', 'المستمر', 'وتعرض', 'المدنيين', 'لانتهاكات', 'جسدية', 'ونفسية', 'وجنسية', 'وأشارت', 'ألبانيزي', 'عدم', 'اكتفاء', 'إسرائيل', 'بتعريض', 'الوصول', 'المساعدات', 'الإنسانية', 'للخطر،', 'ترفض', 'دخولها', 'القطاع', 'علنا', 'وفيما', 'يخص', 'موضوع', 'المحتجزين', 'الإسرائيليين', 'قطاع', 'غزة،', 'قالت', 'ألبانيزي', 'الحكومة', 'الإسرائيلية', 'تملك', 'تصورا', 'واضحا', 'للتعامل', 'بهذا', 'الخصوص', 'وحذرت', 'إسرائيل', 'تسعى', 'لإخلاء', 'الأراضي', 'الفلسطينية', 'الفلسطينيين،', 'مضيفة', 'تطهير', 'عرقي،', 'ومضت', 'قائلة', 'إسرائيل', 'بصفتها', 'دولة', 'فصل', 'عنصري', 'يمكن', 'اعتبارها', 'دولة', 'طبيعية', 'وفي', 'سياق', 'متصل،', 'انتقدت', 'المقررة', 'الأممية', 'الدول', 'الغربية', 'ترفع', 'صوتها', 'وجه', 'إسرائيل،', 'وأضافت', 'زلنا', 'عنصريين', 'نتمسك', 'بالمعايير', 'المزدوجة', 'القديمة،', 'الحقيقة،', 'نشعر', 'بأي', 'تعاطف', 'الفلسطينيين', 'وشددت', 'تنفيذ', 'الدولتين', 'يطرحه', 'المجتمع', 'الدولي', 'حلا', 'وحيدا', 'يمكن', 'يتحقق', 'وجود', 'الفلسطينيين', 'أرضهم،', 'وحذرت', 'أنه', 'يكن', 'الفلسطينيون', 'موجودين', 'الأرض', 'فلن', 'تكون', 'دولتان', 'وقالت', 'ألبانيزي', 'حريا', 'بالدول', 'الغربية', 'قطع', 'علاقاتها', 'إسرائيل،', 'مضيفة', 'للحوار،', 'توجد', 'ضرورة', 'لإقامة', 'علاقات', 'تجارية', 'عسكرية', 'إستراتيجية،', 'وباعتباري', 'مواطنة', 'أوروبية', 'وإيطالية', 'يحدث', 'مأساة', 'وترتكب', 'إسرائيل', 'أكتوبرتشرين', 'الأول', 'إبادة', 'جماعية', 'غزة', 'خلّفت', 'شهيد', 'وجريح', 'فلسطيني', 'معظمهم', 'أطفال', 'ونساء', 'يزيد', 'مفقود', 'تابع', 'الجزيرة']"
"قدم المكتب المركزي الوطني لشرطة بنغلاديش طلبا إلى منظمة الشرطة الجنائية الدولية (الانتربول) بإصدار ""إشعار أحمر"" ضد رئيسة الوزراء المعزولة الشيخة حسينة واجد، التي استمرت في الحكم 15 عاما ، و11 مسؤولا في نظامها المخلوع. وتصدر الإشعارات أو النشرات الحمراء بشأن أشخاص فارين مطلوبين، إما لمحاكمتهم وإما لتنفيذ عقوبة لها علاقة بجرائم خطِرة من جرائم القانون العام مثل القتل والاغتصاب والاحتيال. ويأتي إصدارها عقب إقامة دعاوى جنائية في البلد الذي طلب إصدارها الذي لا يكون دائما البلد الأم للشخص الفار. وبحسب ما أوردته صحيفة ""ديلى أوبزيرفر"" البنغالية اليوم، السبت فإن جميع  الأفراد الـ12 مطلوبون للعدالة في قضية انتفاضة يوليو/ حزيران عام 2024  التي أطاحت بحسينة هم الآن فارون. وقدم المكتب الطلب في 3 مراحل منفصلة لإصدار إشعارات حمراء ضدهم، وفقا لما ذكرته مصادر الشرطة والمحكمة الجنائية الدولية. ومن الأفراد الـ11 الآخرين، عبيد القادر الأمين العام لرابطة عوامي ووزير النقل البري والجسور السابق، وأسد الزمان خان وزير الداخلية السابق، وأيه كيه إم مزمل حق وزير شؤون حرب التحرير السابق، وحسن محمود وزير الخارجية السابق. كما تشمل القائمة اسم جهانجير كبير ناناك وزير المنسوجات والجوت السابق، ومهيبول حسن شودري وزير التعليم السابق، والشيخ فضل نور تابوش رئيس بلدية مدينة دكا الجنوبية السابق، واللواء المتقاعد طارق أحمد صديق مستشار الدفاع السابق لرئيس الوزراء. أما الباقون الواردة أسماؤهم في القائمة فهم نصر الحميد وزير الدولة السابق للطاقة، ومحمد علي عرفات وزير الدولة السابق للإعلام، وبينظير أحمد المفتش العام السابق للشرطة. وسبق وأصدرت محكمة الجرائم الدولية البنغلاديشية في داكا مذكرات اعتقال بحق الشيخة حسينة، ونحو 50 شخصية أخرى من قادة حزب رابطة عوامي الحاكم سابقا، وشخصيات حكومية عديدة، في أكتوبر/تشرين الأول الماضي على خلفية مقتل مئات المتظاهرين في الاحتجاجات التي سبقت استقالتها وفرارها من البلاد. وأُصدرت مذكرات الاعتقال عقب بدء الإجراءات القضائية رسميا، بناء على طلب فريق الادعاء في المحكمة التي تسمى بـ""الدولية""، لأنها تُحكم القانون الإنساني الدولي في مداولاتها إلى جانب القوانين البنغلاديشية، ولأنها تسمح بالتحقيق ومحاكمة الأشخاص المسؤولين عن جرائم الحرب والإبادة الجماعية والجرائم ضد الإنسانية. يذكر أن الشيخة حسينة غادرت إلى الهند في 5 من أغسطس/آب الماضي، وانقطعت أخبارها ، كما ورد ذلك في تصريحات رسمية.          تابع الجزيرة نت على:",3.16,"['قدم', 'المكتب', 'المركزي', 'الوطني', 'لشرطة', 'بنغلاديش', 'طلبا', 'منظمة', 'الشرطة', 'الجنائية', 'الدولية', 'الانتربول', 'بإصدار', 'إشعار', 'أحمر', 'رئيسة', 'الوزراء', 'المعزولة', 'الشيخة', 'حسينة', 'واجد،', 'استمرت', 'الحكم', 'عاما', 'مسؤولا', 'نظامها', 'المخلوع', 'وتصدر', 'الإشعارات', 'النشرات', 'الحمراء', 'بشأن', 'أشخاص', 'فارين', 'مطلوبين،', 'لمحاكمتهم', 'وإما', 'لتنفيذ', 'عقوبة', 'علاقة', 'بجرائم', 'خطِرة', 'جرائم', 'القانون', 'العام', 'القتل', 'والاغتصاب', 'والاحتيال', 'ويأتي', 'إصدارها', 'عقب', 'إقامة', 'دعاوى', 'جنائية', 'البلد', 'طلب', 'إصدارها', 'يكون', 'دائما', 'البلد', 'الأم', 'للشخص', 'الفار', 'وبحسب', 'أوردته', 'صحيفة', 'ديلى', 'أوبزيرفر', 'البنغالية', 'اليوم،', 'السبت', 'الأفراد', 'الـ', 'مطلوبون', 'للعدالة', 'قضية', 'انتفاضة', 'عام', 'أطاحت', 'بحسينة', 'فارون', 'وقدم', 'المكتب', 'الطلب', 'مراحل', 'منفصلة', 'لإصدار', 'إشعارات', 'حمراء', 'ضدهم،', 'وفقا', 'ذكرته', 'مصادر', 'الشرطة', 'والمحكمة', 'الجنائية', 'الدولية', 'الأفراد', 'الـ', 'الآخرين،', 'عبيد', 'القادر', 'الأمين', 'العام', 'لرابطة', 'عوامي', 'ووزير', 'النقل', 'البري', 'والجسور', 'السابق،', 'وأسد', 'الزمان', 'خان', 'وزير', 'الداخلية', 'السابق،', 'وأيه', 'كيه', 'مزمل', 'وزير', 'شؤون', 'حرب', 'التحرير', 'السابق،', 'وحسن', 'محمود', 'وزير', 'الخارجية', 'السابق', 'تشمل', 'القائمة', 'اسم', 'جهانجير', 'كبير', 'ناناك', 'وزير', 'المنسوجات', 'والجوت', 'السابق،', 'ومهيبول', 'حسن', 'شودري', 'وزير', 'التعليم', 'السابق،', 'والشيخ', 'فضل', 'نور', 'تابوش', 'رئيس', 'بلدية', 'مدينة', 'دكا', 'الجنوبية', 'السابق،', 'واللواء', 'المتقاعد', 'طارق', 'أحمد', 'صديق', 'مستشار', 'الدفاع', 'السابق', 'لرئيس', 'الوزراء', 'الباقون', 'الواردة', 'أسماؤهم', 'القائمة', 'فهم', 'نصر', 'الحميد', 'وزير', 'الدولة', 'السابق', 'للطاقة،', 'ومحمد', 'علي', 'عرفات', 'وزير', 'الدولة', 'السابق', 'للإعلام،', 'وبينظير', 'أحمد', 'المفتش', 'العام', 'السابق', 'للشرطة', 'وسبق', 'وأصدرت', 'محكمة', 'الجرائم', 'الدولية', 'البنغلاديشية', 'داكا', 'مذكرات', 'اعتقال', 'بحق', 'الشيخة', 'حسينة،', 'ونحو', 'شخصية', 'أخرى', 'قادة', 'حزب', 'رابطة', 'عوامي', 'الحاكم', 'سابقا،', 'وشخصيات', 'حكومية', 'عديدة،', 'أكتوبرتشرين', 'الأول', 'الماضي', 'خلفية', 'مقتل', 'مئات', 'المتظاهرين', 'الاحتجاجات', 'سبقت', 'استقالتها', 'وفرارها', 'البلاد', 'وأُصدرت', 'مذكرات', 'الاعتقال', 'عقب', 'بدء', 'الإجراءات', 'القضائية', 'رسميا،', 'بناء', 'طلب', 'فريق', 'الادعاء', 'المحكمة', 'تسمى', 'بـالدولية،', 'لأنها', 'تُحكم', 'القانون', 'الإنساني', 'الدولي', 'مداولاتها', 'جانب', 'القوانين', 'البنغلاديشية،', 'ولأنها', 'تسمح', 'بالتحقيق', 'ومحاكمة', 'الأشخاص', 'المسؤولين', 'جرائم', 'الحرب', 'والإبادة', 'الجماعية', 'والجرائم', 'الإنسانية', 'يذكر', 'الشيخة', 'حسينة', 'غادرت', 'الهند', 'أغسطسآب', 'الماضي،', 'وانقطعت', 'أخبارها', 'تصريحات', 'رسمية', 'تابع', 'الجزيرة']"
"انتهت الجولة الثانية من المحادثات بين إيران والولايات المتحدة بشأن البرنامج النووي الإيراني الذي يشهد تقدما سريعا، وذلك بعد عدة ساعات من المفاوضات. وقال وزير الخارجية الإيراني عباس عراقجي إن المفاوضات مع واشنطن في روما كانت بناءة واستمرت لـ4 ساعات، وأضاف أنه من المقرر عقد مفاوضات فنية عبر فرق متخصصة في سلطنة عمان لوضع أطر عامة لاتفاق. وكشف عراقجي أن طهران وواشنطن اتفقتا على استئناف المحادثات التقنية على مستوى الخبراء في الأيام القادمة. وتوسطت سلطنة عمان المحادثات بين وزير الخارجية الإيراني عباس عراقجي والمبعوث الأميركي إلى الشرق الأوسط ستيفن ويتكوف.      وفي وقت سابق، ذكرت وكالة ""تسنيم""، نقلا عن عضو بالوفد الإيراني المفاوض، أن طهران تدخل هذه الجولة من المحادثات بمواقف واضحة ومحددة، وتنتظر تقييم واختبار مدى جدية وإرادة الطرف الأميركي. وقام وزير الخارجية العماني بدر البوسعيدي بدور الوساطة ونقل الرسائل بين الجانبين خلال هذه الجولة التي جرت في قاعتين منفصلتين، كما كان الأمر في محادثات مسقط التي جرت الأسبوع الماضي. في السياق ذاته، قال علي شمخاني، المستشار السياسي للمرشد الإيراني، إن طهران تسعى لاتفاق مبني على الضمانات، ورفع العقوبات، وتجنب التهديد، وكبح جماح إسرائيل. وأضاف شمخاني أن بلاده تخوض المفاوضات من أجل اتفاق متوازن، وليس للاستسلام، وأوضح أن المفاوض الإيراني يشارك في مفاوضات روما بصلاحيات كاملة. بدوره، قال وزير الخارجية الإيراني عباس عراقجي إن إيران تلتزم بالدبلوماسية، وتجب الاستفادة من هذه الفرصة للتوصل الى تفاهم منطقي ومعقول. وأضاف عراقجي، خلال لقائه نظيره الإيطالي قبيل المحادثات، أن التفاهم يجب أن يحترم حقوق إيران، ويؤدي إلى رفع العقوبات والشكوك بشأن برنامجها النووي، وشدد على أن ""الكيان الصهيوني يعمل على شيطنة إيران، وزيادة انعدام الأمن بالمنطقة، إلى جانب ارتكابه الإبادة الجماعية والاعتداء على الدول"". ومحادثات اليوم هي ثاني اجتماع رفيع المستوى بين البلدين منذ أن انسحب الرئيس الأميركي دونالد ترامب من الاتفاق النووي عام 2018، والذي نص على تخفيف العقوبات الدولية على إيران مقابل فرض قيود على برنامجها النووي. وصف ترامب، حينها، الاتفاق بأنه ""سيئ"" لأنه غير دائم ولا يتناول برنامج إيران للصواريخ الباليستية، إلى جانب قضايا أخرى، وكنتيجة لذلك، أعاد فرض العقوبات الأميركية ضمن حملة ""الضغوط القصوى"" بهدف إجبار إيران على التفاوض على اتفاق جديد وموسّع. والتزمت طهران بالاتفاق لمدة عام بعد انسحاب ترامب منه، قبل أن تتراجع عن التزاماتها تدريجيا. وحسب تقارير غربية تخصب إيران حاليا اليورانيوم بنسبة تصل إلى 60% وهو أعلى بكثير من حد 3.67% المنصوص عليه في الاتفاق، لكنه لا يزال أقل من عتبة 90% المطلوبة للاستخدام العسكري. واستأنف ترامب سياسة ""الضغوط القصوى"" عبر فرض عقوبات على الجمهورية الإسلامية، وبعث في مارس/آذار الماضي رسالة إلى المرشد الأعلى الإيراني آية الله علي خامنئي يدعو فيها إلى عقد محادثات نووية تحت طائلة تنفيذ عمل عسكري ضد إيران إذا فشلت الدبلوماسية.          تابع الجزيرة نت على:",2.71,"['انتهت', 'الجولة', 'الثانية', 'المحادثات', 'إيران', 'والولايات', 'المتحدة', 'بشأن', 'البرنامج', 'النووي', 'الإيراني', 'يشهد', 'تقدما', 'سريعا،', 'وذلك', 'عدة', 'ساعات', 'المفاوضات', 'وقال', 'وزير', 'الخارجية', 'الإيراني', 'عباس', 'عراقجي', 'المفاوضات', 'واشنطن', 'روما', 'كانت', 'بناءة', 'واستمرت', 'ساعات،', 'وأضاف', 'أنه', 'المقرر', 'عقد', 'مفاوضات', 'فنية', 'عبر', 'فرق', 'متخصصة', 'سلطنة', 'عمان', 'لوضع', 'أطر', 'لاتفاق', 'وكشف', 'عراقجي', 'طهران', 'وواشنطن', 'اتفقتا', 'استئناف', 'المحادثات', 'التقنية', 'مستوى', 'الخبراء', 'الأيام', 'القادمة', 'وتوسطت', 'سلطنة', 'عمان', 'المحادثات', 'وزير', 'الخارجية', 'الإيراني', 'عباس', 'عراقجي', 'والمبعوث', 'الأميركي', 'الشرق', 'الأوسط', 'ستيفن', 'ويتكوف', 'وفي', 'وقت', 'سابق،', 'ذكرت', 'وكالة', 'تسنيم،', 'نقلا', 'عضو', 'بالوفد', 'الإيراني', 'المفاوض،', 'طهران', 'تدخل', 'الجولة', 'المحادثات', 'بمواقف', 'واضحة', 'ومحددة،', 'وتنتظر', 'تقييم', 'واختبار', 'مدى', 'جدية', 'وإرادة', 'الطرف', 'الأميركي', 'وقام', 'وزير', 'الخارجية', 'العماني', 'بدر', 'البوسعيدي', 'بدور', 'الوساطة', 'ونقل', 'الرسائل', 'الجانبين', 'خلال', 'الجولة', 'جرت', 'قاعتين', 'منفصلتين،', 'الأمر', 'محادثات', 'مسقط', 'جرت', 'الأسبوع', 'الماضي', 'السياق', 'ذاته،', 'قال', 'علي', 'شمخاني،', 'المستشار', 'السياسي', 'للمرشد', 'الإيراني،', 'طهران', 'تسعى', 'لاتفاق', 'مبني', 'الضمانات،', 'ورفع', 'العقوبات،', 'وتجنب', 'التهديد،', 'وكبح', 'جماح', 'إسرائيل', 'وأضاف', 'شمخاني', 'بلاده', 'تخوض', 'المفاوضات', 'اتفاق', 'متوازن،', 'وليس', 'للاستسلام،', 'وأوضح', 'المفاوض', 'الإيراني', 'يشارك', 'مفاوضات', 'روما', 'بصلاحيات', 'كاملة', 'بدوره،', 'قال', 'وزير', 'الخارجية', 'الإيراني', 'عباس', 'عراقجي', 'إيران', 'تلتزم', 'بالدبلوماسية،', 'وتجب', 'الاستفادة', 'الفرصة', 'للتوصل', 'الى', 'تفاهم', 'منطقي', 'ومعقول', 'وأضاف', 'عراقجي،', 'خلال', 'لقائه', 'نظيره', 'الإيطالي', 'قبيل', 'المحادثات،', 'التفاهم', 'يجب', 'يحترم', 'حقوق', 'إيران،', 'ويؤدي', 'رفع', 'العقوبات', 'والشكوك', 'بشأن', 'برنامجها', 'النووي،', 'وشدد', 'الكيان', 'الصهيوني', 'يعمل', 'شيطنة', 'إيران،', 'وزيادة', 'انعدام', 'الأمن', 'بالمنطقة،', 'جانب', 'ارتكابه', 'الإبادة', 'الجماعية', 'والاعتداء', 'الدول', 'ومحادثات', 'اليوم', 'اجتماع', 'رفيع', 'المستوى', 'البلدين', 'انسحب', 'الرئيس', 'الأميركي', 'دونالد', 'ترامب', 'الاتفاق', 'النووي', 'عام', 'تخفيف', 'العقوبات', 'الدولية', 'إيران', 'مقابل', 'فرض', 'قيود', 'برنامجها', 'النووي', 'وصف', 'ترامب،', 'حينها،', 'الاتفاق', 'بأنه', 'سيئ', 'لأنه', 'دائم', 'يتناول', 'برنامج', 'إيران', 'للصواريخ', 'الباليستية،', 'جانب', 'قضايا', 'أخرى،', 'وكنتيجة', 'لذلك،', 'أعاد', 'فرض', 'العقوبات', 'الأميركية', 'ضمن', 'حملة', 'الضغوط', 'القصوى', 'بهدف', 'إجبار', 'إيران', 'التفاوض', 'اتفاق', 'جديد', 'وموسّع', 'والتزمت', 'طهران', 'بالاتفاق', 'لمدة', 'عام', 'انسحاب', 'ترامب', 'منه،', 'تتراجع', 'التزاماتها', 'تدريجيا', 'وحسب', 'تقارير', 'غربية', 'تخصب', 'إيران', 'حاليا', 'اليورانيوم', 'بنسبة', 'تصل', 'أعلى', 'بكثير', 'المنصوص', 'الاتفاق،', 'لكنه', 'يزال', 'عتبة', 'المطلوبة', 'للاستخدام', 'العسكري', 'واستأنف', 'ترامب', 'سياسة', 'الضغوط', 'القصوى', 'عبر', 'فرض', 'عقوبات', 'الجمهورية', 'الإسلامية،', 'وبعث', 'مارسآذار', 'الماضي', 'رسالة', 'المرشد', 'الأعلى', 'الإيراني', 'آية', 'الله', 'علي', 'خامنئي', 'يدعو', 'عقد', 'محادثات', 'نووية', 'طائلة', 'تنفيذ', 'عمل', 'عسكري', 'إيران', 'فشلت', 'الدبلوماسية', 'تابع', 'الجزيرة']"
"قال مكتب ""الجرائم الاقتصادية والمنظمة"" في دولة غانا إنه أنقد 219 شخصا أغلبهم من الأجانب كانوا محتجزين لدى شبكة للاتجار بالبشر والجرائم الإلكترونية في منطقة أوياريفا في ضواحي العاصمة أكرا. وقال المكتب إن الضحايا معظمهم شباب من دول غرب أفريقيا تم استدراجهم إلى غانا للحصول على وظائف وأعمال، والعيش في حياة أفضل، لكن بعد وصولهم وجدوا أنفسهم محتجزين قسرا لدى شبكة منظمة تستغلهم. وقد عثرت السلطات في موقع الاحتجاز على أدلة متنوعة، من بينها أجهزة حواسيب وإنترنت، وبعض الأدوات التي تستخدم في عمليات الاحتيال الإلكتروني. ويعمل مكتب الجرائم الاقتصادية والمنظمة مع إدارة التحقيقات الجنائية، وبعض الأطراف الإقليميين والشركاء الدوليين، على تنفيذ عمليات فرز للفصل بين الضحايا والمشتبه بهم، وكذا تحديد القصّر من بين الضحايا الذين تم إنقاذهم. وقالت السلطات في غانا إنها بدأت في تنفيذ خطط منسّقة لإعادة الضحايا إلى بلدانهم الأصلية وخاصة الأشخاص من دولة نيجيريا. وأكد مكتب الجرائم المنظمة أنه يقوم حاليا بعمليات مماثلة في عدة مناطق من البلاد لاستهداف شبكات اتجار بالشر تعمل بشكل جيد ومنسق. وقال مكتب الجرائم الاقتصادية والمنظمة إن الضحايا الذين تم إنقاذهم كانوا محتجزين في ظروف قاسية وصعبة، حيث كانوا يعيشون في أماكن مكتظة وغير صحية، ويجبرون على العمل لساعات طويلة تحت المراقبة الصارمة. وخلال مؤتمر صحفي عقد بالمناسبة، قال عبدول بشير المدير التنفيذي المؤقت لمكتب الجرائم المنظمة إن العديد من الضحايا تم احتجازهم لفترات طويلة، وبعضهم قضى أكثر من عام في الأسر. وأضاف بشير أن بعض الضحايا أكدوا أنهم كانوا يعانون من الجوع، إذ لا يحصلون في اليوم إلا على وجبة واحدة، ولا يسمح لهم بمغادرة المبنى. وأكد بشير التزام منظمته بالعمل على تفكيك الشبكات العاملة في مجال الاتجار بالبشر، والجرائم المنظمة العابرة للحدود. وفي السنوات القليلة الأخيرة، كثّفت السلطات في دولة غانا من عمليات مكافحة الاتجار بالبشر والجرائم المنظمة العابرة للحدود بوصفها نقطة عبور وانطلاق في غرب أفريقيا. وتقول الحكومة إنها تعمل مع المفوضية السامية لشؤون اللاجئين في الأمم المتحدة، وبعض المنظمات الإقليمية والدولية العاملة في المجال من أجل التصدي لجريمة الاتجار بالبشر التي تتنافى مع القيم الإنسانية، والقوانين الدولية.          تابع الجزيرة نت على:",2.12,"['قال', 'مكتب', 'الجرائم', 'الاقتصادية', 'والمنظمة', 'دولة', 'غانا', 'أنقد', 'شخصا', 'أغلبهم', 'الأجانب', 'كانوا', 'محتجزين', 'شبكة', 'للاتجار', 'بالبشر', 'والجرائم', 'الإلكترونية', 'منطقة', 'أوياريفا', 'ضواحي', 'العاصمة', 'أكرا', 'وقال', 'المكتب', 'الضحايا', 'معظمهم', 'شباب', 'دول', 'غرب', 'أفريقيا', 'استدراجهم', 'غانا', 'للحصول', 'وظائف', 'وأعمال،', 'والعيش', 'حياة', 'أفضل،', 'وصولهم', 'وجدوا', 'أنفسهم', 'محتجزين', 'قسرا', 'شبكة', 'منظمة', 'تستغلهم', 'وقد', 'عثرت', 'السلطات', 'موقع', 'الاحتجاز', 'أدلة', 'متنوعة،', 'بينها', 'أجهزة', 'حواسيب', 'وإنترنت،', 'وبعض', 'الأدوات', 'تستخدم', 'عمليات', 'الاحتيال', 'الإلكتروني', 'ويعمل', 'مكتب', 'الجرائم', 'الاقتصادية', 'والمنظمة', 'إدارة', 'التحقيقات', 'الجنائية،', 'وبعض', 'الأطراف', 'الإقليميين', 'والشركاء', 'الدوليين،', 'تنفيذ', 'عمليات', 'فرز', 'للفصل', 'الضحايا', 'والمشتبه', 'بهم،', 'وكذا', 'تحديد', 'القصّر', 'الضحايا', 'إنقاذهم', 'وقالت', 'السلطات', 'غانا', 'إنها', 'بدأت', 'تنفيذ', 'خطط', 'منسّقة', 'لإعادة', 'الضحايا', 'بلدانهم', 'الأصلية', 'وخاصة', 'الأشخاص', 'دولة', 'نيجيريا', 'وأكد', 'مكتب', 'الجرائم', 'المنظمة', 'أنه', 'يقوم', 'حاليا', 'بعمليات', 'مماثلة', 'عدة', 'مناطق', 'البلاد', 'لاستهداف', 'شبكات', 'اتجار', 'بالشر', 'تعمل', 'بشكل', 'جيد', 'ومنسق', 'وقال', 'مكتب', 'الجرائم', 'الاقتصادية', 'والمنظمة', 'الضحايا', 'إنقاذهم', 'كانوا', 'محتجزين', 'ظروف', 'قاسية', 'وصعبة،', 'كانوا', 'يعيشون', 'أماكن', 'مكتظة', 'وغير', 'صحية،', 'ويجبرون', 'العمل', 'لساعات', 'طويلة', 'المراقبة', 'الصارمة', 'وخلال', 'مؤتمر', 'صحفي', 'عقد', 'بالمناسبة،', 'قال', 'عبدول', 'بشير', 'المدير', 'التنفيذي', 'المؤقت', 'لمكتب', 'الجرائم', 'المنظمة', 'العديد', 'الضحايا', 'احتجازهم', 'لفترات', 'طويلة،', 'وبعضهم', 'قضى', 'عام', 'الأسر', 'وأضاف', 'بشير', 'الضحايا', 'أكدوا', 'أنهم', 'كانوا', 'يعانون', 'الجوع،', 'يحصلون', 'اليوم', 'وجبة', 'واحدة،', 'يسمح', 'بمغادرة', 'المبنى', 'وأكد', 'بشير', 'التزام', 'منظمته', 'بالعمل', 'تفكيك', 'الشبكات', 'العاملة', 'مجال', 'الاتجار', 'بالبشر،', 'والجرائم', 'المنظمة', 'العابرة', 'للحدود', 'وفي', 'السنوات', 'القليلة', 'الأخيرة،', 'كثّفت', 'السلطات', 'دولة', 'غانا', 'عمليات', 'مكافحة', 'الاتجار', 'بالبشر', 'والجرائم', 'المنظمة', 'العابرة', 'للحدود', 'بوصفها', 'نقطة', 'عبور', 'وانطلاق', 'غرب', 'أفريقيا', 'وتقول', 'الحكومة', 'إنها', 'تعمل', 'المفوضية', 'السامية', 'لشؤون', 'اللاجئين', 'الأمم', 'المتحدة،', 'وبعض', 'المنظمات', 'الإقليمية', 'والدولية', 'العاملة', 'المجال', 'التصدي', 'لجريمة', 'الاتجار', 'بالبشر', 'تتنافى', 'القيم', 'الإنسانية،', 'والقوانين', 'الدولية', 'تابع', 'الجزيرة']"
"بلغ اليوم السبت عدد الإسرائيليين الموقعين على العرائض المطالبة بإعادة الأسرى من قطاع غزة، نحو 140 ألف شخص، حتى لو تطلب الأمر وقف الحرب. وذكر موقع ""عودة إسرائيل"" الخاص بنشر العرائض،​​​​​​​ أن ما يزيد عن 10 آلاف إسرائيلي وقعوا على تلك العرائض خلال الـ 24 ساعة الأخيرة، ما رفع إجمالي الموقعين إلى نحو 140 ألفا. ووفق ما نشره الموقع، وصل عدد الموقعين على العرائض حتى الساعات الأولى من صباح السبت إلى 138 ألفا و434 شخصا، ارتفاعا من 128 ألفا و114 شخصا أمس الجمعة، ما يعني أن 10 آلاف و320 إسرائيليا انضموا إلى الموقعين، وفق حصيلة مرشحة للارتفاع. كذلك، أظهر الموقع أن عدد العرائض المنشورة للتوقيع ارتفع من 47 كانوا متاحين للتوقيع الجمعة، إلى 50 السبت، منها 21 صادرة عن عسكريي احتياط وسابقين. ويعد المدنيون الإسرائيليون ""الأكثر توقيعا"" على تلك العرائض مقارنة بالعسكريين، إذ وقّع 127 ألفا و255 مدنيا على 29 عريضة، مقابل11 ألفا و179 عسكريا​​​​​​، بحسب المصدر ذاته. وأشار الموقع، إلى أن بين الموقعين على العرائض رئيس الوزراء الأسبق أيهود باراك ورئيس أركان الجيش الأسبق دان حالوتس. كما أن من الموقعين القائد الأسبق للمنطقة الجنوبية بالجيش عمرام متسناع والقائد الأسبق للمنطقة الوسطى بالجيش آفي مزراحي، ورئيس شعبة الاستخبارات العسكرية الأسبق عاموس مالكا، وقائد سلاح المدرعات الأسبق آمنون ريشيف والقائد الأسبق للقوات البرية موشيه سوكيك، والرئيس الأسبق لقيم التخطيط بالجيش نمرود شيفير، والقائد الأسبق للمنطقة الوسطى بالجيش إيلان بيران.   وتعتقد الغالبية العظمى من رسائل العسكريين، أن الحرب في هذه المرحلة تخدم مصالح سياسية وشخصية وليس أهدافًا أمنية. والجمعة، قال رئيس الوزراء الإسرائيلي بنيامين نتنياهو، في بيان إن هذه الرسائل ""لم تُكتب باسم جنودنا الشجعان، بل كتبتها حفنة صغيرة من الأعشاب الضارة، تُموَّل من جمعيات أجنبية هدفها إسقاط حكومة اليمين. هم مجموعة متقاعدين صغيرة، ضوضائية، فوضوية ومنفصلة عن الواقع، ومعظمهم لا يخدم منذ سنوات"". وتقدر تل أبيب وجود 59 أسيرا إسرائيليا بقطاع غزة، منهم 24 على قيد الحياة، بينما يقبع في سجونها أكثر من 9500 فلسطيني، يعانون تعذيبا وتجويعا وإهمالا طبيا، أودى بحياة العديد منهم، حسب تقارير حقوقية وإعلامية فلسطينية وإسرائيلية. وفي 18 مارس/ آذار الماضي، تنصلت إسرائيل من اتفاق وقف إطلاق النار وتبادل الأسرى الساري منذ 19 يناير/كانون الثاني 2025، واستأنفت حرب الإبادة الجماعية على قطاع غزة وأغلقت معابره ومنعت دخول المساعدات إليه، رغم التزام حركة حماس بجميع بنود الاتفاق. وبدعم أميركي، يواصل الاحتلال إبادته الجماعية في غزة منذ أكثر من 18 شهرا، مخلفا أكثر من 167 ألف شهيد وجريح، غالبيتهم من النساء والأطفال، إلى جانب أكثر من 11 ألف مفقود.          تابع الجزيرة نت على:",3.27,"['بلغ', 'اليوم', 'السبت', 'عدد', 'الإسرائيليين', 'الموقعين', 'العرائض', 'المطالبة', 'بإعادة', 'الأسرى', 'قطاع', 'غزة،', 'شخص،', 'تطلب', 'الأمر', 'وقف', 'الحرب', 'وذكر', 'موقع', 'عودة', 'إسرائيل', 'الخاص', 'بنشر', 'العرائض،', 'يزيد', 'آلاف', 'إسرائيلي', 'وقعوا', 'العرائض', 'خلال', 'الـ', 'ساعة', 'الأخيرة،', 'رفع', 'إجمالي', 'الموقعين', 'ألفا', 'ووفق', 'نشره', 'الموقع،', 'وصل', 'عدد', 'الموقعين', 'العرائض', 'الساعات', 'الأولى', 'السبت', 'ألفا', 'شخصا،', 'ارتفاعا', 'ألفا', 'شخصا', 'الجمعة،', 'يعني', 'آلاف', 'إسرائيليا', 'انضموا', 'الموقعين،', 'وفق', 'حصيلة', 'مرشحة', 'للارتفاع', 'كذلك،', 'أظهر', 'الموقع', 'عدد', 'العرائض', 'المنشورة', 'للتوقيع', 'ارتفع', 'كانوا', 'متاحين', 'للتوقيع', 'الجمعة،', 'السبت،', 'صادرة', 'عسكريي', 'احتياط', 'وسابقين', 'ويعد', 'المدنيون', 'الإسرائيليون', 'الأكثر', 'توقيعا', 'العرائض', 'مقارنة', 'بالعسكريين،', 'وقّع', 'ألفا', 'مدنيا', 'عريضة،', 'مقابل', 'ألفا', 'عسكريا،', 'بحسب', 'المصدر', 'ذاته', 'وأشار', 'الموقع،', 'الموقعين', 'العرائض', 'رئيس', 'الوزراء', 'الأسبق', 'أيهود', 'باراك', 'ورئيس', 'أركان', 'الجيش', 'الأسبق', 'دان', 'حالوتس', 'الموقعين', 'القائد', 'الأسبق', 'للمنطقة', 'الجنوبية', 'بالجيش', 'عمرام', 'متسناع', 'والقائد', 'الأسبق', 'للمنطقة', 'الوسطى', 'بالجيش', 'آفي', 'مزراحي،', 'ورئيس', 'شعبة', 'الاستخبارات', 'العسكرية', 'الأسبق', 'عاموس', 'مالكا،', 'وقائد', 'سلاح', 'المدرعات', 'الأسبق', 'آمنون', 'ريشيف', 'والقائد', 'الأسبق', 'للقوات', 'البرية', 'موشيه', 'سوكيك،', 'والرئيس', 'الأسبق', 'لقيم', 'التخطيط', 'بالجيش', 'نمرود', 'شيفير،', 'والقائد', 'الأسبق', 'للمنطقة', 'الوسطى', 'بالجيش', 'إيلان', 'بيران', 'وتعتقد', 'الغالبية', 'العظمى', 'رسائل', 'العسكريين،', 'الحرب', 'المرحلة', 'تخدم', 'مصالح', 'سياسية', 'وشخصية', 'وليس', 'أهدافًا', 'أمنية', 'والجمعة،', 'قال', 'رئيس', 'الوزراء', 'الإسرائيلي', 'بنيامين', 'نتنياهو،', 'بيان', 'الرسائل', 'تُكتب', 'باسم', 'جنودنا', 'الشجعان،', 'كتبتها', 'حفنة', 'صغيرة', 'الأعشاب', 'الضارة،', 'تُموَّل', 'جمعيات', 'أجنبية', 'هدفها', 'إسقاط', 'حكومة', 'اليمين', 'مجموعة', 'متقاعدين', 'صغيرة،', 'ضوضائية،', 'فوضوية', 'ومنفصلة', 'الواقع،', 'ومعظمهم', 'يخدم', 'سنوات', 'وتقدر', 'أبيب', 'وجود', 'أسيرا', 'إسرائيليا', 'بقطاع', 'غزة،', 'منهم', 'قيد', 'الحياة،', 'بينما', 'يقبع', 'سجونها', 'فلسطيني،', 'يعانون', 'تعذيبا', 'وتجويعا', 'وإهمالا', 'طبيا،', 'أودى', 'بحياة', 'العديد', 'منهم،', 'تقارير', 'حقوقية', 'وإعلامية', 'فلسطينية', 'وإسرائيلية', 'وفي', 'الماضي،', 'تنصلت', 'إسرائيل', 'اتفاق', 'وقف', 'إطلاق', 'النار', 'وتبادل', 'الأسرى', 'الساري', 'ينايركانون', 'الثاني', 'واستأنفت', 'حرب', 'الإبادة', 'الجماعية', 'قطاع', 'غزة', 'وأغلقت', 'معابره', 'ومنعت', 'دخول', 'المساعدات', 'إليه،', 'رغم', 'التزام', 'حركة', 'حماس', 'بجميع', 'بنود', 'الاتفاق', 'وبدعم', 'أميركي،', 'يواصل', 'الاحتلال', 'إبادته', 'الجماعية', 'غزة', 'شهرا،', 'مخلفا', 'شهيد', 'وجريح،', 'غالبيتهم', 'النساء', 'والأطفال،', 'جانب', 'مفقود', 'تابع', 'الجزيرة']"
